-- phpMyAdmin SQL Dump
-- version 4.9.0.1
-- https://www.phpmyadmin.net/
--
-- Host: 127.0.0.1
-- Generation Time: Sep 29, 2022 at 01:03 PM
-- Server version: 10.3.16-MariaDB
-- PHP Version: 7.3.6

SET SQL_MODE = "NO_AUTO_VALUE_ON_ZERO";
SET AUTOCOMMIT = 0;
START TRANSACTION;
SET time_zone = "+00:00";


/*!40101 SET @OLD_CHARACTER_SET_CLIENT=@@CHARACTER_SET_CLIENT */;
/*!40101 SET @OLD_CHARACTER_SET_RESULTS=@@CHARACTER_SET_RESULTS */;
/*!40101 SET @OLD_COLLATION_CONNECTION=@@COLLATION_CONNECTION */;
/*!40101 SET NAMES utf8mb4 */;

--
-- Database: `shp_uni`
--

-- --------------------------------------------------------

--
-- Table structure for table `client`
--

CREATE TABLE `client` (
  `Id` int(11) NOT NULL,
  `Name` varchar(32) NOT NULL,
  `Age` int(11) NOT NULL,
  `PhoneNum` bigint(11) NOT NULL
) ENGINE=InnoDB DEFAULT CHARSET=utf8;

--
-- Dumping data for table `client`
--

INSERT INTO `client` (`Id`, `Name`, `Age`, `PhoneNum`) VALUES
(3, 'Chervyakov Petr Andreevich', 57, 795871235),
(4, 'Petrova Anna Mikhailovna', 48, 797778485),
(5, 'Ogarina Elizaveta Markovna', 32, 798988819),
(11, 'Trubin Anatolii Evgenievich', 36, 798863331),
(12, 'Kuznetsov Sergey Vladimirovich', 33, 798868400),
(13, 'Bellavin Aleksei Igorevich', 20, 794684375),
(15, 'Voronova Natalia Vladimirovna', 53, 796367234),
(17, 'Dubrovina Nina Ivanovna', 55, 791936509),
(21, 'Vorobieva Liya Ostapovna', 46, 795009738),
(24, 'Grozdeva Antonina Ivanovna', 32, 796766259),
(26, 'Tokarev Oleg Stepanovich', 37, 791848105),
(27, 'Razin Sergey Mikhailovich', 27, 793439775),
(28, 'Grusheva Alina Denisovna', 34, 792464378),
(35, 'Osina Marina Vyacheslavovna', 25, 796109694),
(36, 'Kuraev Andrei Andreevich', 28, 794970760),
(38, 'Shandin Pavel Andreevich', 56, 797143428),
(39, 'Griboedova Tatiana Ivanovna', 41, 796574911),
(42, 'Pugin Denis Vadimovich', 42, 791385254),
(45, 'Bulova Elena Konstantinovna', 33, 799944913),
(47, 'Fedotova Olga Nikolaevna', 37, 794724147),
(48, 'Ostrouhov Ilya Semenovich', 24, 796948016),
(51, 'Stepanov Aleksandr Sergeevich', 43, 797584557),
(52, 'Serebryakova Zoya Leonidovna', 27, 791381869),
(53, 'Tutunov Andrei Mikhailovich', 57, 797417416),
(57, 'Golovina Elena Aleksandrovna', 24, 798529548),
(63, 'Korobaev Evgenii Sergeevich', 53, 791970658);

-- --------------------------------------------------------

--
-- Table structure for table `employees`
--

CREATE TABLE `employees` (
  `Id` int(11) NOT NULL,
  `Name` varchar(32) NOT NULL,
  `Age` int(11) NOT NULL,
  `PhoneNum` bigint(11) NOT NULL
) ENGINE=InnoDB DEFAULT CHARSET=utf8;

--
-- Dumping data for table `employees`
--

INSERT INTO `employees` (`Id`, `Name`, `Age`, `PhoneNum`) VALUES
(5, 'Troekurov Ivan Pavlovich', 24, 79330945873),
(6, 'Saveliev Viktor Vyacheslavovich', 26, 79204783376),
(7, 'Vishnyakov Viktor Andreevich', 28, 79849264671),
(12, 'Vasyliev Nikita Sergeevich', 31, 79472308746),
(13, 'Petrova Maria Gennadievna', 43, 79469275914),
(17, 'Zabavnikova Olga Vasylievna', 33, 79530955912),
(18, 'Rogozov Aleksandr Olegovich', 32, 79784388784),
(22, 'Gromova Akulina Mikhailovna', 25, 79539891243);

-- --------------------------------------------------------

--
-- Table structure for table `log`
--

CREATE TABLE `log` (
  `Id` int(11) NOT NULL,
  `ClientId` int(11) NOT NULL,
  `SellerId` int(11) NOT NULL,
  `ProductId` int(11) NOT NULL,
  `Quantity` int(11) NOT NULL,
  `Date` datetime NOT NULL
) ENGINE=InnoDB DEFAULT CHARSET=utf8;

--
-- Dumping data for table `log`
--

INSERT INTO `log` (`Id`, `ClientId`, `SellerId`, `ProductId`, `Quantity`, `Date`) VALUES
(1, 51, 17, 112, 2, '2022-03-24 06:13:36'),
(2, 63, 12, 36, 4, '2022-05-04 05:05:38'),
(3, 39, 13, 85, 2, '2022-06-21 17:49:16'),
(4, 63, 13, 34, 4, '2022-01-07 04:22:33'),
(5, 45, 7, 41, 1, '2022-04-29 16:00:27'),
(6, 3, 18, 164, 3, '2022-05-25 10:55:30'),
(7, 21, 17, 40, 4, '2022-06-14 20:26:15'),
(8, 35, 17, 116, 2, '2022-05-06 18:55:31'),
(9, 39, 5, 112, 1, '2022-08-11 12:45:45'),
(10, 45, 12, 34, 1, '2022-01-27 05:16:47'),
(11, 12, 22, 16, 3, '2022-02-15 15:31:35'),
(12, 52, 13, 157, 4, '2022-08-24 04:50:12'),
(13, 12, 5, 135, 4, '2022-08-20 22:42:51'),
(14, 17, 13, 18, 2, '2022-02-15 10:27:01'),
(15, 51, 13, 4, 1, '2022-02-22 01:23:49'),
(16, 28, 6, 38, 3, '2022-06-11 15:15:12'),
(17, 5, 17, 42, 3, '2022-07-29 14:59:57'),
(18, 5, 5, 113, 3, '2022-01-05 03:44:48'),
(19, 45, 5, 13, 1, '2022-01-12 01:54:04'),
(20, 36, 13, 37, 2, '2022-02-23 11:34:22'),
(21, 12, 22, 38, 4, '2022-07-18 22:36:09'),
(22, 42, 6, 41, 4, '2022-02-20 10:14:53'),
(23, 45, 22, 72, 4, '2022-06-07 12:44:26'),
(24, 57, 12, 53, 4, '2022-08-12 21:57:19'),
(25, 24, 5, 83, 2, '2022-05-23 06:22:06'),
(26, 47, 7, 116, 2, '2022-02-08 14:47:14'),
(27, 38, 13, 83, 2, '2022-07-13 22:18:36'),
(28, 53, 5, 71, 1, '2022-06-24 11:11:10'),
(29, 52, 7, 19, 4, '2022-07-13 07:37:37'),
(30, 39, 22, 34, 4, '2022-08-23 06:32:03'),
(31, 47, 17, 158, 2, '2022-05-23 13:59:59'),
(32, 51, 12, 38, 3, '2022-02-28 22:10:59'),
(33, 3, 7, 159, 1, '2022-08-19 18:47:17'),
(34, 28, 13, 105, 2, '2022-08-11 13:25:36'),
(35, 51, 18, 13, 3, '2022-01-19 14:40:53'),
(36, 38, 5, 3, 2, '2022-01-07 08:34:44'),
(37, 11, 12, 23, 4, '2022-05-20 19:51:57'),
(38, 12, 5, 136, 1, '2022-07-18 10:19:43'),
(39, 51, 6, 64, 4, '2022-02-03 11:46:36'),
(40, 42, 17, 112, 3, '2022-07-04 04:53:53'),
(41, 24, 6, 85, 2, '2022-01-17 01:32:04'),
(42, 26, 17, 13, 4, '2022-06-09 20:58:13'),
(43, 42, 18, 157, 3, '2022-06-03 09:21:33'),
(44, 4, 18, 85, 1, '2022-02-23 20:38:30'),
(45, 42, 17, 34, 4, '2022-08-10 14:41:46'),
(46, 39, 5, 34, 3, '2022-06-20 17:28:49'),
(47, 21, 13, 38, 2, '2022-02-10 11:40:41'),
(48, 15, 7, 43, 2, '2022-01-06 19:52:06'),
(49, 35, 17, 71, 3, '2022-03-13 13:09:39'),
(50, 13, 12, 4, 1, '2022-04-11 01:15:35'),
(51, 24, 22, 13, 3, '2022-02-28 12:17:20'),
(52, 39, 7, 84, 3, '2022-07-06 05:00:11'),
(53, 15, 12, 37, 1, '2022-05-17 02:28:33'),
(54, 21, 6, 190, 2, '2022-08-03 04:05:24'),
(55, 13, 18, 164, 2, '2022-01-15 00:40:59'),
(56, 52, 5, 13, 2, '2022-03-27 16:46:30'),
(57, 45, 17, 38, 3, '2022-08-24 19:19:01'),
(58, 51, 7, 189, 4, '2022-03-09 05:21:39'),
(59, 26, 6, 41, 1, '2022-01-29 18:43:19'),
(60, 52, 5, 1, 3, '2022-05-03 12:13:15'),
(61, 21, 13, 83, 4, '2022-05-06 04:48:39'),
(62, 53, 5, 4, 2, '2022-04-22 01:20:35'),
(63, 5, 5, 53, 4, '2022-04-18 01:16:48'),
(64, 52, 22, 43, 1, '2022-01-20 19:55:39'),
(65, 36, 13, 157, 4, '2022-06-19 13:12:14'),
(66, 11, 22, 38, 2, '2022-02-20 12:59:47'),
(67, 4, 7, 71, 4, '2022-06-14 14:57:52'),
(68, 11, 17, 87, 4, '2022-01-20 09:03:13'),
(69, 45, 18, 36, 3, '2022-04-08 05:24:08'),
(70, 5, 22, 86, 3, '2022-01-18 11:11:09'),
(71, 39, 5, 37, 1, '2022-06-08 11:37:07'),
(72, 63, 13, 39, 4, '2022-02-15 18:11:32'),
(73, 17, 22, 190, 2, '2022-04-04 18:54:53'),
(74, 48, 22, 1, 4, '2022-05-17 09:52:43'),
(75, 28, 7, 38, 4, '2022-02-24 11:58:59'),
(76, 24, 18, 136, 1, '2022-03-16 07:35:15'),
(77, 53, 13, 19, 3, '2022-04-12 12:28:49'),
(78, 13, 5, 38, 3, '2022-08-09 16:55:55'),
(79, 42, 13, 38, 1, '2022-07-04 16:32:35'),
(80, 21, 12, 158, 3, '2022-06-25 12:30:26'),
(81, 11, 13, 84, 2, '2022-04-08 11:38:51'),
(82, 5, 17, 7, 4, '2022-01-27 19:11:28'),
(83, 42, 13, 18, 2, '2022-04-04 17:39:58'),
(84, 5, 22, 191, 2, '2022-03-08 20:28:11'),
(85, 11, 6, 13, 4, '2022-04-24 21:43:57'),
(86, 48, 6, 158, 2, '2022-01-27 22:12:03'),
(87, 53, 5, 18, 3, '2022-02-08 09:42:52'),
(88, 57, 13, 71, 1, '2022-02-17 14:13:06'),
(89, 47, 13, 18, 2, '2022-07-29 19:05:13'),
(90, 42, 5, 105, 1, '2022-04-28 01:37:09'),
(91, 39, 17, 136, 1, '2022-01-10 21:27:07'),
(92, 48, 6, 159, 3, '2022-05-07 01:10:26'),
(93, 11, 7, 3, 3, '2022-01-17 08:51:18'),
(94, 51, 7, 19, 3, '2022-03-08 15:28:53'),
(95, 28, 22, 23, 4, '2022-05-29 15:46:44'),
(96, 21, 7, 158, 1, '2022-05-18 02:20:40'),
(97, 24, 22, 1, 3, '2022-01-21 10:04:42'),
(98, 21, 13, 105, 4, '2022-04-20 12:07:03'),
(99, 17, 17, 115, 3, '2022-07-18 14:26:22'),
(100, 4, 13, 23, 4, '2022-04-17 09:57:54'),
(101, 35, 5, 84, 1, '2022-07-22 11:57:38'),
(102, 42, 22, 158, 4, '2022-06-20 20:48:46'),
(103, 42, 18, 189, 3, '2022-02-06 12:49:03'),
(104, 24, 22, 158, 1, '2022-04-13 21:01:58'),
(105, 47, 13, 41, 1, '2022-04-03 04:10:58'),
(106, 26, 5, 41, 1, '2022-02-04 18:18:13'),
(107, 45, 13, 116, 4, '2022-04-14 00:40:29'),
(108, 52, 5, 64, 2, '2022-07-01 19:02:17'),
(109, 15, 17, 136, 1, '2022-04-17 12:11:29'),
(110, 39, 7, 115, 2, '2022-02-25 17:20:29'),
(111, 15, 12, 37, 3, '2022-06-14 16:48:38'),
(112, 35, 5, 159, 3, '2022-07-25 21:32:25'),
(113, 17, 18, 18, 3, '2022-02-23 21:33:14'),
(114, 57, 13, 23, 4, '2022-03-13 18:00:47'),
(115, 12, 17, 3, 2, '2022-05-29 14:19:05'),
(116, 51, 5, 136, 2, '2022-02-02 22:27:02'),
(117, 63, 12, 105, 1, '2022-06-29 08:10:16'),
(118, 45, 22, 112, 2, '2022-03-25 02:55:58'),
(119, 24, 6, 34, 3, '2022-05-20 13:47:01'),
(120, 21, 12, 159, 1, '2022-07-19 15:18:14'),
(121, 63, 5, 157, 3, '2022-01-13 17:34:19'),
(122, 26, 12, 105, 2, '2022-05-23 16:53:54'),
(123, 51, 12, 1, 2, '2022-05-05 03:20:44'),
(124, 48, 12, 112, 4, '2022-03-19 22:54:45'),
(125, 45, 22, 164, 2, '2022-07-13 00:54:40'),
(126, 21, 13, 159, 2, '2022-03-10 16:40:09'),
(127, 3, 6, 38, 4, '2022-06-20 11:44:18'),
(128, 63, 22, 39, 1, '2022-08-20 17:18:11'),
(129, 45, 7, 40, 4, '2022-08-13 20:42:01'),
(130, 11, 6, 87, 3, '2022-06-04 15:20:46'),
(131, 28, 22, 42, 4, '2022-03-21 01:20:32'),
(132, 11, 12, 84, 3, '2022-05-27 22:19:38'),
(133, 52, 5, 72, 1, '2022-04-17 07:47:55'),
(134, 17, 6, 116, 1, '2022-06-14 05:07:00'),
(135, 24, 13, 3, 1, '2022-05-19 07:07:59'),
(136, 11, 17, 4, 1, '2022-02-11 20:36:21'),
(137, 42, 13, 191, 3, '2022-02-19 03:10:46'),
(138, 5, 17, 115, 2, '2022-08-17 18:49:15'),
(139, 4, 12, 42, 2, '2022-03-26 03:35:39'),
(140, 3, 18, 7, 2, '2022-06-08 16:50:49'),
(141, 42, 13, 3, 4, '2022-03-12 21:56:10'),
(142, 21, 5, 19, 2, '2022-02-25 04:42:39'),
(143, 28, 12, 116, 2, '2022-08-15 16:58:13'),
(144, 3, 22, 40, 2, '2022-04-20 08:51:51'),
(145, 48, 17, 37, 1, '2022-08-17 15:36:57'),
(146, 11, 6, 158, 1, '2022-08-09 18:14:54'),
(147, 53, 22, 85, 2, '2022-03-29 09:30:40'),
(148, 17, 12, 136, 2, '2022-03-17 05:53:37'),
(149, 17, 5, 40, 1, '2022-05-20 00:17:23'),
(150, 35, 12, 116, 1, '2022-05-12 12:49:03'),
(151, 36, 22, 86, 3, '2022-05-17 20:04:48'),
(152, 35, 17, 164, 2, '2022-04-21 13:21:39'),
(153, 17, 22, 7, 2, '2022-01-27 22:57:35'),
(154, 53, 13, 43, 2, '2022-07-29 21:31:01'),
(155, 26, 7, 159, 2, '2022-01-19 20:39:44'),
(156, 52, 22, 72, 3, '2022-07-15 20:47:55'),
(157, 21, 12, 16, 1, '2022-05-06 17:51:25'),
(158, 24, 12, 135, 4, '2022-05-07 00:46:16'),
(159, 24, 12, 3, 2, '2022-02-16 18:15:57'),
(160, 52, 18, 40, 1, '2022-06-02 12:35:59'),
(161, 42, 13, 85, 1, '2022-04-24 22:04:33'),
(162, 39, 6, 135, 1, '2022-03-07 22:52:24'),
(163, 42, 12, 42, 2, '2022-05-01 12:02:56'),
(164, 3, 6, 64, 4, '2022-03-10 07:25:30'),
(165, 42, 22, 135, 1, '2022-06-16 12:50:06'),
(166, 57, 7, 53, 4, '2022-05-28 04:34:22'),
(167, 28, 18, 18, 3, '2022-08-15 15:51:25'),
(168, 26, 22, 23, 1, '2022-04-09 03:25:43'),
(169, 12, 7, 7, 4, '2022-05-19 02:44:20'),
(170, 63, 13, 112, 3, '2022-07-02 06:47:23'),
(171, 5, 7, 4, 1, '2022-06-15 02:08:17'),
(172, 48, 17, 191, 2, '0000-00-00 00:00:00'),
(173, 5, 22, 116, 2, '2022-01-12 20:17:56'),
(174, 13, 7, 135, 1, '2022-01-08 18:35:19'),
(175, 13, 13, 71, 2, '2022-06-25 14:30:43'),
(176, 63, 12, 158, 2, '2022-03-05 02:39:13'),
(177, 21, 7, 53, 4, '2022-08-10 22:40:13'),
(178, 24, 6, 39, 4, '2022-03-18 12:41:37'),
(179, 28, 13, 38, 4, '2022-07-16 02:03:43'),
(180, 21, 5, 157, 1, '2022-02-02 04:39:24'),
(181, 47, 5, 13, 2, '2022-07-21 05:18:34'),
(182, 51, 17, 112, 4, '2022-03-14 04:57:21'),
(183, 13, 17, 159, 3, '2022-02-11 00:02:16'),
(184, 15, 22, 43, 3, '2022-08-02 04:40:42'),
(185, 3, 7, 72, 1, '2022-02-09 09:57:26'),
(186, 5, 13, 72, 1, '2022-07-09 21:32:49'),
(187, 27, 22, 53, 3, '2022-05-01 00:34:21'),
(188, 21, 22, 72, 1, '2022-07-25 04:30:50'),
(189, 38, 18, 189, 2, '2022-01-05 17:26:44'),
(190, 26, 17, 53, 2, '2022-02-05 22:03:05'),
(191, 26, 22, 37, 2, '2022-05-11 00:58:12'),
(192, 38, 18, 164, 1, '2022-06-20 12:29:31'),
(193, 5, 22, 159, 2, '2022-06-11 15:02:55'),
(194, 13, 18, 189, 4, '2022-08-21 10:03:50'),
(195, 36, 6, 41, 2, '2022-04-10 12:34:17'),
(196, 57, 5, 84, 3, '2022-05-14 20:43:00'),
(197, 24, 12, 115, 4, '2022-02-23 14:06:50'),
(198, 24, 12, 23, 1, '2022-07-18 14:29:42'),
(199, 4, 12, 36, 2, '2022-06-07 05:06:03'),
(200, 12, 17, 4, 2, '2022-07-15 12:46:32'),
(201, 17, 12, 87, 4, '2022-05-03 09:53:56'),
(202, 15, 17, 116, 1, '2022-03-29 07:42:53'),
(203, 51, 6, 112, 1, '2022-02-26 19:17:15'),
(204, 15, 18, 16, 1, '2022-05-28 13:09:54'),
(205, 39, 5, 113, 1, '2022-04-13 09:30:52'),
(206, 57, 12, 1, 3, '2022-04-11 05:45:34'),
(207, 15, 6, 40, 3, '2022-07-27 15:35:07'),
(208, 48, 22, 164, 3, '2022-01-28 07:06:52'),
(209, 35, 6, 53, 1, '2022-05-16 05:18:09'),
(210, 15, 13, 190, 3, '2022-03-11 04:19:28'),
(211, 48, 5, 41, 2, '2022-06-25 02:49:14'),
(212, 51, 7, 157, 3, '2022-08-14 07:07:32'),
(213, 5, 6, 7, 2, '2022-05-01 18:52:07'),
(214, 39, 13, 71, 4, '2022-07-09 13:13:59'),
(215, 42, 7, 1, 2, '2022-03-05 04:38:28'),
(216, 38, 18, 116, 1, '2022-05-13 10:11:57'),
(217, 63, 17, 85, 2, '2022-05-07 16:47:12'),
(218, 51, 7, 136, 2, '2022-07-12 22:52:45'),
(219, 3, 5, 38, 1, '2022-07-12 05:13:33'),
(220, 4, 6, 34, 1, '2022-08-13 19:46:31'),
(221, 13, 5, 83, 1, '2022-03-08 00:07:33'),
(222, 21, 22, 39, 1, '2022-08-11 01:32:16'),
(223, 24, 17, 84, 4, '0000-00-00 00:00:00'),
(224, 12, 5, 16, 3, '2022-03-13 09:04:52'),
(225, 51, 22, 71, 1, '2022-08-11 20:16:15'),
(226, 52, 17, 114, 3, '2022-04-25 15:37:28'),
(227, 28, 18, 3, 4, '2022-04-22 19:53:58'),
(228, 47, 6, 71, 2, '2022-01-07 02:20:59'),
(229, 48, 6, 159, 3, '2022-01-22 01:17:26'),
(230, 15, 5, 23, 1, '2022-06-07 08:56:11'),
(231, 24, 6, 42, 1, '2022-02-19 02:31:07'),
(232, 26, 13, 1, 2, '2022-02-18 11:08:46'),
(233, 15, 22, 105, 3, '2022-06-14 10:00:59'),
(234, 3, 7, 7, 3, '2022-08-18 08:17:11'),
(235, 21, 7, 23, 3, '2022-04-04 08:34:56'),
(236, 48, 5, 116, 1, '2022-05-14 12:38:39'),
(237, 63, 7, 189, 2, '2022-03-17 02:40:07'),
(238, 53, 17, 3, 2, '2022-01-28 22:25:33'),
(239, 28, 13, 36, 4, '2022-06-20 05:44:59'),
(240, 27, 7, 190, 3, '2022-07-28 10:35:02'),
(241, 26, 22, 83, 1, '2022-01-19 15:14:33'),
(242, 12, 12, 41, 2, '2022-01-03 18:07:43'),
(243, 52, 17, 136, 2, '2022-05-08 10:58:11'),
(244, 26, 5, 7, 1, '2022-05-03 12:23:55'),
(245, 15, 22, 64, 2, '2022-01-25 10:57:48'),
(246, 47, 18, 53, 3, '2022-07-21 12:05:36'),
(247, 35, 6, 105, 2, '2022-06-25 08:39:19'),
(248, 4, 17, 23, 2, '2022-02-16 21:48:11'),
(249, 63, 13, 18, 3, '2022-01-26 17:13:04'),
(250, 48, 17, 38, 4, '2022-04-20 16:22:13'),
(251, 13, 7, 37, 3, '2022-07-04 06:04:15'),
(252, 35, 17, 157, 1, '2022-08-14 15:59:14'),
(253, 26, 6, 84, 2, '2022-07-26 16:04:11'),
(254, 24, 12, 71, 2, '2022-03-06 15:43:50'),
(255, 3, 12, 42, 4, '2022-08-19 14:33:39'),
(256, 39, 12, 112, 4, '2022-07-11 14:39:47'),
(257, 39, 13, 72, 1, '2022-02-04 06:56:54'),
(258, 21, 22, 4, 3, '2022-01-04 14:24:22'),
(259, 5, 13, 41, 1, '2022-02-11 10:19:03'),
(260, 42, 5, 87, 1, '2022-01-04 06:19:06'),
(261, 38, 22, 114, 3, '2022-04-11 18:43:13'),
(262, 53, 13, 37, 4, '2022-06-06 01:32:51'),
(263, 26, 17, 159, 1, '2022-01-12 06:55:39'),
(264, 35, 17, 158, 3, '2022-03-17 06:25:19'),
(265, 51, 12, 83, 2, '2022-04-13 06:35:35'),
(266, 36, 22, 84, 3, '2022-08-26 00:39:32'),
(267, 45, 6, 37, 3, '2022-08-11 20:43:41'),
(268, 47, 6, 36, 1, '2022-01-20 11:24:12'),
(269, 52, 6, 18, 3, '2022-06-05 10:33:00'),
(270, 42, 6, 13, 3, '2022-03-28 00:30:15'),
(271, 48, 6, 190, 4, '2022-05-04 13:25:37'),
(272, 11, 18, 191, 4, '2022-01-14 19:43:59'),
(273, 4, 18, 164, 2, '2022-07-18 20:06:18'),
(274, 28, 18, 84, 3, '2022-07-02 05:38:50'),
(275, 15, 7, 34, 2, '2022-02-11 20:28:19'),
(276, 24, 22, 3, 3, '2022-05-13 02:06:08'),
(277, 17, 12, 190, 3, '2022-05-21 01:32:20'),
(278, 12, 6, 87, 3, '2022-07-01 03:09:43'),
(279, 35, 18, 87, 2, '2022-06-07 15:22:43'),
(280, 36, 18, 112, 1, '2022-05-28 06:08:15'),
(281, 53, 5, 112, 2, '2022-01-17 03:16:10'),
(282, 53, 12, 113, 3, '2022-02-22 10:19:31'),
(283, 42, 12, 191, 3, '2022-05-08 16:30:49'),
(284, 63, 18, 18, 4, '2022-03-01 14:27:49'),
(285, 21, 17, 23, 1, '2022-08-06 15:54:33'),
(286, 36, 6, 39, 1, '2022-03-13 10:48:26'),
(287, 11, 22, 71, 4, '2022-05-16 19:34:57'),
(288, 13, 17, 189, 4, '2022-08-10 16:03:47'),
(289, 28, 18, 190, 2, '2022-04-02 02:27:50'),
(290, 4, 7, 72, 1, '2022-06-19 17:02:20'),
(291, 35, 7, 85, 4, '2022-08-09 03:16:02'),
(292, 52, 18, 3, 1, '2022-02-23 18:56:53'),
(293, 17, 13, 40, 2, '2022-08-22 01:38:30'),
(294, 52, 12, 87, 2, '2022-04-26 08:13:26'),
(295, 17, 18, 112, 3, '2022-01-24 13:12:10'),
(296, 5, 17, 16, 4, '2022-01-17 04:50:41'),
(297, 17, 7, 112, 3, '2022-07-20 06:36:53'),
(298, 11, 17, 115, 1, '2022-06-16 03:50:29'),
(299, 27, 7, 53, 1, '0000-00-00 00:00:00'),
(300, 47, 17, 83, 2, '2022-05-20 19:38:12'),
(301, 11, 5, 71, 1, '2022-05-28 13:00:54'),
(302, 38, 22, 84, 2, '2022-01-05 01:24:48'),
(303, 3, 7, 86, 4, '2022-02-23 22:21:33'),
(304, 38, 22, 189, 4, '2022-04-07 07:28:01'),
(305, 5, 6, 34, 1, '2022-06-23 21:42:13'),
(306, 28, 7, 113, 1, '2022-07-06 10:03:06'),
(307, 36, 7, 135, 4, '2022-04-19 14:50:44'),
(308, 38, 7, 85, 2, '2022-01-23 04:17:04'),
(309, 36, 18, 18, 4, '2022-05-08 02:57:15'),
(310, 39, 17, 115, 4, '2022-08-02 21:24:20'),
(311, 24, 6, 159, 1, '2022-04-11 21:02:37'),
(312, 26, 13, 43, 3, '2022-03-04 15:02:55'),
(313, 52, 6, 41, 4, '2022-03-16 11:59:25'),
(314, 35, 6, 38, 2, '2022-01-11 15:04:12'),
(315, 13, 17, 113, 4, '2022-08-25 21:29:08'),
(316, 27, 6, 189, 1, '2022-01-01 07:28:27'),
(317, 53, 7, 37, 2, '2022-04-01 03:33:55'),
(318, 47, 13, 18, 4, '2022-02-14 07:12:40'),
(319, 26, 5, 38, 3, '2022-04-27 14:40:23'),
(320, 47, 17, 42, 4, '2022-04-09 03:56:07'),
(321, 63, 18, 40, 4, '2022-06-26 22:36:01'),
(322, 48, 18, 42, 4, '2022-05-24 02:06:33'),
(323, 53, 5, 64, 2, '2022-01-14 10:45:53'),
(324, 38, 17, 34, 3, '2022-06-21 03:13:59'),
(325, 13, 17, 64, 1, '2022-04-10 14:20:00'),
(326, 39, 13, 189, 1, '2022-02-15 20:22:52'),
(327, 52, 13, 112, 1, '2022-08-17 10:24:36'),
(328, 17, 17, 115, 4, '2022-05-12 08:13:34'),
(329, 13, 12, 42, 4, '2022-05-21 09:25:16'),
(330, 36, 13, 72, 2, '2022-06-14 20:46:09'),
(331, 24, 7, 158, 3, '2022-03-08 18:56:53'),
(332, 4, 18, 23, 1, '2022-05-22 13:25:49'),
(333, 24, 6, 1, 2, '2022-03-07 01:17:36'),
(334, 21, 12, 39, 3, '2022-07-07 17:41:49'),
(335, 42, 18, 164, 2, '2022-06-23 04:26:44'),
(336, 35, 17, 84, 2, '2022-02-05 09:44:09'),
(337, 48, 18, 53, 2, '2022-01-20 11:17:42'),
(338, 45, 12, 87, 4, '2022-03-03 20:06:06'),
(339, 13, 17, 7, 1, '2022-03-10 19:16:55'),
(340, 38, 13, 7, 4, '2022-08-17 09:28:13'),
(341, 12, 7, 53, 1, '2022-07-02 22:08:16'),
(342, 47, 18, 41, 3, '2022-08-17 02:43:13'),
(343, 53, 7, 36, 4, '2022-01-17 11:55:19'),
(344, 42, 13, 34, 3, '2022-04-18 15:09:04'),
(345, 24, 5, 41, 2, '2022-05-26 05:28:48'),
(346, 48, 12, 64, 3, '2022-08-18 10:23:25'),
(347, 27, 22, 39, 3, '2022-07-07 18:13:12'),
(348, 12, 18, 158, 3, '2022-08-19 02:54:09'),
(349, 57, 5, 159, 2, '2022-04-01 05:40:01'),
(350, 4, 18, 18, 3, '2022-04-21 22:36:33'),
(351, 4, 12, 34, 2, '2022-04-13 17:30:47'),
(352, 15, 17, 42, 3, '2022-04-22 03:50:04'),
(353, 51, 6, 112, 1, '2022-08-07 09:07:12'),
(354, 13, 6, 64, 2, '2022-03-20 16:52:02'),
(355, 42, 12, 18, 4, '2022-03-08 12:51:58'),
(356, 3, 5, 7, 3, '2022-06-07 15:24:48'),
(357, 63, 12, 113, 4, '2022-07-13 19:30:26'),
(358, 13, 12, 87, 2, '2022-02-17 21:07:44'),
(359, 38, 7, 114, 4, '2022-02-09 11:32:20'),
(360, 12, 5, 3, 4, '2022-06-16 09:59:09'),
(361, 42, 12, 190, 3, '2022-01-18 17:24:09'),
(362, 12, 17, 105, 4, '2022-04-16 09:38:21'),
(363, 12, 17, 87, 4, '2022-05-23 05:17:38'),
(364, 3, 17, 38, 2, '2022-07-07 11:45:39'),
(365, 63, 13, 189, 3, '2022-02-05 20:45:43'),
(366, 26, 22, 36, 2, '2022-03-24 06:19:26'),
(367, 57, 18, 7, 4, '2022-06-24 09:06:40'),
(368, 39, 17, 7, 1, '2022-04-17 21:43:58'),
(369, 27, 17, 85, 3, '2022-06-12 20:57:08'),
(370, 35, 5, 3, 4, '2022-01-09 21:05:11'),
(371, 36, 13, 23, 1, '2022-08-20 18:07:16'),
(372, 12, 12, 1, 3, '2022-04-07 07:23:37'),
(373, 63, 7, 18, 4, '2022-01-21 12:16:21'),
(374, 5, 13, 105, 1, '2022-06-15 03:19:05'),
(375, 17, 5, 191, 2, '2022-04-13 14:21:17'),
(376, 27, 22, 136, 1, '2022-08-17 14:23:10'),
(377, 35, 17, 18, 4, '2022-04-09 06:23:14'),
(378, 12, 12, 87, 3, '2022-03-09 17:04:54'),
(379, 26, 5, 34, 2, '2022-03-22 21:51:21'),
(380, 63, 5, 72, 3, '2022-07-18 13:27:43'),
(381, 12, 5, 13, 4, '2022-08-04 21:11:30'),
(382, 63, 5, 115, 1, '2022-02-19 12:34:50'),
(383, 28, 12, 71, 1, '2022-07-10 06:25:03'),
(384, 63, 6, 158, 4, '2022-05-10 11:13:58'),
(385, 36, 6, 112, 3, '2022-02-01 05:56:31'),
(386, 26, 22, 157, 3, '2022-04-29 12:26:29'),
(387, 36, 6, 164, 1, '2022-07-03 17:44:53'),
(388, 51, 13, 87, 2, '2022-08-24 20:53:02'),
(389, 12, 12, 86, 1, '2022-04-13 12:46:53'),
(390, 15, 12, 41, 2, '2022-03-20 03:23:00'),
(391, 51, 7, 1, 2, '2022-07-08 02:58:10'),
(392, 26, 22, 41, 4, '2022-05-11 19:09:38'),
(393, 13, 22, 71, 4, '2022-01-24 09:13:20'),
(394, 36, 22, 135, 1, '2022-06-09 22:12:31'),
(395, 15, 18, 64, 1, '2022-01-18 01:08:04'),
(396, 57, 18, 18, 4, '2022-08-12 01:17:56'),
(397, 48, 12, 115, 3, '2022-02-27 14:02:22'),
(398, 12, 12, 87, 3, '2022-02-08 18:34:44'),
(399, 51, 12, 71, 1, '2022-08-04 07:58:45'),
(400, 38, 6, 83, 3, '2022-05-18 16:00:57'),
(401, 24, 22, 71, 3, '2022-07-11 06:03:11'),
(402, 13, 18, 37, 1, '2022-08-22 20:47:04'),
(403, 45, 5, 114, 2, '2022-05-18 20:17:03'),
(404, 51, 6, 87, 2, '2022-03-13 20:00:10'),
(405, 5, 12, 3, 4, '2022-04-29 14:21:46'),
(406, 3, 6, 64, 2, '2022-08-05 21:03:15'),
(407, 39, 7, 72, 1, '2022-04-04 01:33:38'),
(408, 15, 7, 105, 4, '2022-02-06 01:54:24'),
(409, 38, 18, 42, 1, '2022-07-07 12:28:43'),
(410, 48, 13, 190, 3, '2022-06-23 04:20:34'),
(411, 35, 12, 39, 1, '2022-05-17 22:32:51'),
(412, 11, 6, 13, 4, '2022-04-15 08:53:54'),
(413, 3, 7, 42, 4, '2022-02-22 18:52:49'),
(414, 47, 6, 87, 4, '2022-08-17 13:29:33'),
(415, 36, 12, 159, 3, '2022-07-14 09:26:21'),
(416, 21, 17, 164, 2, '2022-07-02 12:51:58'),
(417, 47, 7, 157, 1, '2022-01-19 07:08:25'),
(418, 13, 7, 34, 4, '2022-07-27 07:35:17'),
(419, 12, 13, 39, 4, '2022-06-24 21:12:27'),
(420, 17, 18, 84, 1, '2022-05-03 00:24:45'),
(421, 28, 7, 87, 2, '2022-04-02 03:51:03'),
(422, 51, 5, 4, 4, '2022-04-10 17:42:51'),
(423, 35, 12, 105, 1, '2022-06-22 03:41:42'),
(424, 15, 6, 112, 3, '2022-02-06 03:26:43'),
(425, 15, 5, 19, 3, '2022-05-19 13:30:14'),
(426, 47, 7, 113, 4, '2022-01-18 20:54:38'),
(427, 28, 5, 40, 2, '2022-06-27 19:27:10'),
(428, 27, 17, 135, 4, '2022-02-01 22:44:33'),
(429, 13, 22, 19, 3, '2022-07-27 08:22:10'),
(430, 47, 22, 13, 3, '2022-03-02 07:36:18'),
(431, 38, 22, 159, 2, '2022-03-27 01:52:38'),
(432, 52, 5, 39, 1, '2022-03-22 02:45:56'),
(433, 5, 12, 1, 4, '2022-07-23 00:12:13'),
(434, 13, 7, 72, 3, '2022-05-24 01:53:38'),
(435, 5, 6, 158, 2, '2022-04-21 10:19:39'),
(436, 13, 12, 158, 3, '2022-01-05 14:25:10'),
(437, 38, 13, 64, 2, '2022-08-11 08:42:25'),
(438, 36, 6, 13, 4, '2022-05-04 22:36:35'),
(439, 11, 7, 157, 2, '2022-05-02 19:35:01'),
(440, 36, 17, 136, 3, '2022-03-12 06:45:22'),
(441, 39, 18, 42, 4, '2022-07-29 02:31:41'),
(442, 26, 22, 23, 4, '2022-02-11 14:44:18'),
(443, 57, 5, 164, 4, '2022-03-26 08:15:17'),
(444, 42, 13, 113, 3, '2022-03-26 02:03:46'),
(445, 52, 18, 41, 3, '2022-06-14 02:06:02'),
(446, 21, 13, 158, 4, '2022-01-04 22:25:54'),
(447, 51, 5, 64, 2, '2022-06-02 09:10:26'),
(448, 53, 17, 1, 1, '2022-07-24 16:58:13'),
(449, 53, 18, 34, 1, '2022-01-04 01:43:24'),
(450, 48, 13, 18, 2, '2022-07-22 04:28:46'),
(451, 24, 5, 136, 1, '2022-06-02 07:48:43'),
(452, 36, 17, 7, 1, '2022-08-28 22:56:31'),
(453, 42, 22, 39, 1, '2022-01-05 10:52:17'),
(454, 21, 5, 112, 4, '2022-07-23 05:57:59'),
(455, 13, 13, 84, 4, '2022-06-09 16:28:34'),
(456, 21, 18, 190, 1, '2022-02-08 06:11:28'),
(457, 51, 7, 135, 2, '2022-08-28 01:33:04'),
(458, 28, 18, 34, 2, '2022-02-06 13:51:36'),
(459, 42, 6, 115, 1, '2022-01-29 10:13:36'),
(460, 45, 12, 135, 1, '2022-08-22 01:22:05'),
(461, 26, 5, 53, 2, '2022-04-12 08:48:42'),
(462, 17, 13, 3, 2, '2022-08-27 16:02:57'),
(463, 4, 18, 135, 2, '2022-08-10 16:57:45'),
(464, 39, 22, 86, 4, '2022-03-25 15:29:25'),
(465, 36, 18, 113, 3, '2022-06-01 14:17:12'),
(466, 13, 12, 135, 3, '2022-03-16 20:38:05'),
(467, 17, 18, 53, 3, '2022-08-12 10:17:55'),
(468, 5, 12, 42, 3, '2022-05-01 00:07:19'),
(469, 26, 5, 113, 2, '2022-03-01 22:14:01'),
(470, 3, 13, 64, 1, '2022-07-29 22:45:06'),
(471, 27, 6, 4, 3, '2022-06-19 16:58:42'),
(472, 45, 5, 113, 2, '2022-04-08 05:02:01'),
(473, 21, 7, 39, 2, '2022-03-02 21:00:56'),
(474, 51, 13, 135, 2, '2022-05-17 15:20:59'),
(475, 4, 6, 41, 1, '2022-06-03 11:38:52'),
(476, 35, 5, 135, 1, '2022-06-05 06:45:38'),
(477, 45, 6, 112, 2, '2022-08-17 07:34:40'),
(478, 26, 17, 34, 1, '2022-01-08 22:37:54'),
(479, 39, 7, 43, 4, '2022-03-22 00:34:09'),
(480, 52, 5, 105, 3, '2022-01-09 15:32:13'),
(481, 15, 17, 40, 3, '2022-08-24 08:05:22'),
(482, 48, 22, 85, 4, '2022-01-18 09:39:03'),
(483, 63, 5, 23, 2, '2022-01-01 20:35:16'),
(484, 57, 22, 189, 3, '2022-02-04 04:31:20'),
(485, 63, 17, 41, 1, '2022-01-03 00:44:43'),
(486, 26, 6, 116, 2, '2022-05-13 07:41:39'),
(487, 45, 13, 18, 4, '2022-06-29 20:08:31'),
(488, 17, 13, 41, 2, '2022-05-19 16:39:28'),
(489, 57, 5, 18, 1, '2022-06-13 00:56:21'),
(490, 45, 13, 72, 1, '2022-04-12 11:15:59'),
(491, 51, 22, 4, 2, '2022-07-11 19:03:03'),
(492, 47, 12, 37, 3, '2022-01-12 08:03:54'),
(493, 12, 22, 53, 2, '2022-07-02 13:52:57'),
(494, 13, 7, 42, 3, '2022-04-13 14:53:05'),
(495, 17, 13, 190, 2, '2022-03-20 01:14:15'),
(496, 27, 6, 64, 2, '2022-03-13 22:37:16'),
(497, 36, 12, 189, 1, '2022-04-15 13:04:37'),
(498, 52, 22, 4, 1, '2022-07-18 12:43:05'),
(499, 35, 7, 71, 2, '2022-05-17 09:46:49'),
(500, 42, 7, 41, 3, '2022-06-29 05:34:44'),
(501, 52, 5, 116, 2, '2022-05-23 03:07:40'),
(502, 51, 18, 23, 2, '2022-03-07 17:25:25'),
(503, 28, 18, 36, 2, '2022-01-11 18:34:08'),
(504, 48, 17, 84, 3, '2022-07-18 13:46:43'),
(505, 35, 7, 113, 3, '2022-07-18 14:25:59'),
(506, 51, 22, 84, 2, '2022-08-26 17:12:30'),
(507, 42, 12, 85, 4, '2022-08-19 20:04:25'),
(508, 51, 6, 157, 4, '2022-05-03 03:58:40'),
(509, 17, 18, 86, 2, '2022-07-02 19:44:49'),
(510, 36, 7, 157, 1, '2022-07-23 01:28:17'),
(511, 42, 18, 41, 1, '2022-07-26 05:27:30'),
(512, 35, 12, 191, 3, '2022-06-27 19:57:39'),
(513, 47, 17, 158, 3, '2022-05-20 03:41:14'),
(514, 51, 22, 1, 3, '2022-05-25 21:08:40'),
(515, 27, 6, 53, 4, '2022-04-06 00:35:23'),
(516, 38, 13, 3, 3, '2022-07-13 07:49:13'),
(517, 11, 5, 3, 3, '2022-06-03 13:35:15'),
(518, 4, 22, 13, 4, '2022-06-23 09:19:08'),
(519, 24, 6, 164, 1, '2022-08-04 12:25:55'),
(520, 27, 13, 189, 2, '2022-02-21 05:19:58'),
(521, 4, 5, 43, 2, '2022-05-04 12:06:11'),
(522, 3, 7, 34, 1, '2022-02-23 10:38:03'),
(523, 5, 22, 164, 1, '2022-01-28 13:09:30'),
(524, 35, 7, 116, 4, '2022-05-05 00:53:36'),
(525, 13, 18, 34, 2, '2022-02-11 11:54:39'),
(526, 48, 12, 37, 3, '2022-03-10 02:16:04'),
(527, 12, 12, 64, 1, '2022-02-16 13:10:09'),
(528, 35, 13, 157, 2, '2022-06-11 01:23:22'),
(529, 26, 17, 18, 4, '2022-07-01 04:20:48'),
(530, 47, 17, 43, 4, '2022-03-18 11:15:56'),
(531, 39, 6, 158, 4, '2022-06-08 02:56:19'),
(532, 17, 22, 23, 3, '2022-01-23 19:27:55'),
(533, 53, 6, 72, 4, '2022-03-10 22:40:12'),
(534, 52, 5, 4, 2, '2022-02-23 22:30:04'),
(535, 21, 13, 114, 3, '2022-03-29 11:17:59'),
(536, 15, 6, 86, 2, '2022-06-29 13:45:27'),
(537, 24, 17, 18, 4, '2022-02-22 00:20:20'),
(538, 26, 7, 36, 3, '2022-02-11 01:13:04'),
(539, 52, 7, 64, 2, '2022-07-18 09:15:04'),
(540, 27, 17, 84, 1, '2022-07-07 04:27:37'),
(541, 4, 22, 189, 2, '2022-02-23 18:24:49'),
(542, 5, 7, 34, 4, '2022-04-15 20:05:26'),
(543, 63, 13, 135, 2, '2022-02-25 10:22:23'),
(544, 52, 5, 72, 3, '2022-05-03 20:01:27'),
(545, 47, 7, 72, 2, '2022-01-11 20:25:54'),
(546, 4, 13, 112, 1, '2022-06-23 02:40:06'),
(547, 48, 18, 1, 3, '2022-07-21 12:06:50'),
(548, 24, 22, 40, 3, '2022-05-22 03:58:02'),
(549, 47, 12, 72, 1, '2022-06-15 18:30:52'),
(550, 36, 22, 116, 3, '2022-04-06 07:24:21'),
(551, 42, 5, 157, 2, '2022-01-29 13:38:22'),
(552, 11, 5, 23, 3, '2022-03-17 17:52:34'),
(553, 27, 22, 34, 3, '2022-02-14 05:19:26'),
(554, 45, 5, 7, 3, '2022-02-03 07:40:41'),
(555, 63, 22, 71, 2, '2022-04-07 20:34:12'),
(556, 47, 13, 72, 4, '2022-03-12 08:05:02'),
(557, 3, 7, 42, 4, '2022-08-28 08:29:38'),
(558, 17, 6, 116, 2, '2022-04-25 21:09:21'),
(559, 11, 13, 85, 2, '2022-03-05 17:34:11'),
(560, 5, 7, 113, 2, '2022-01-12 06:11:12'),
(561, 12, 18, 36, 1, '2022-07-22 08:50:36'),
(562, 17, 6, 39, 1, '2022-03-02 09:22:22'),
(563, 21, 5, 3, 2, '2022-04-22 09:51:12'),
(564, 52, 6, 115, 4, '2022-04-08 19:29:15'),
(565, 48, 5, 43, 1, '2022-02-21 04:04:57'),
(566, 5, 5, 72, 3, '2022-05-23 17:10:43'),
(567, 24, 17, 34, 4, '2022-01-19 05:44:51'),
(568, 38, 17, 36, 2, '2022-08-28 17:17:11'),
(569, 15, 5, 42, 2, '2022-07-08 03:25:42'),
(570, 17, 18, 71, 4, '2022-03-09 11:17:40'),
(571, 36, 22, 105, 4, '2022-08-07 02:45:47'),
(572, 13, 7, 189, 3, '2022-06-06 00:31:44'),
(573, 17, 17, 42, 3, '2022-05-22 09:33:30'),
(574, 4, 7, 114, 2, '2022-03-26 11:44:13'),
(575, 12, 13, 105, 3, '2022-04-05 01:48:51'),
(576, 26, 5, 114, 2, '2022-04-24 21:18:45'),
(577, 17, 7, 13, 3, '2022-02-07 03:10:33'),
(578, 24, 5, 40, 4, '2022-04-10 11:34:49'),
(579, 12, 18, 53, 4, '2022-05-23 17:10:00'),
(580, 5, 22, 37, 4, '2022-04-08 00:23:16'),
(581, 53, 7, 115, 3, '2022-05-27 07:33:07'),
(582, 45, 7, 36, 4, '2022-06-09 22:47:21'),
(583, 45, 22, 1, 2, '2022-02-04 06:30:16'),
(584, 12, 6, 18, 4, '2022-02-27 07:05:16'),
(585, 53, 5, 53, 1, '2022-06-07 18:07:53'),
(586, 39, 22, 71, 3, '2022-06-24 21:30:37'),
(587, 42, 13, 34, 3, '2022-06-27 04:35:56'),
(588, 45, 5, 1, 3, '2022-08-22 09:27:59'),
(589, 12, 22, 53, 4, '2022-05-27 22:06:12'),
(590, 3, 18, 7, 2, '2022-03-14 14:14:52'),
(591, 11, 7, 23, 4, '2022-01-15 09:28:09'),
(592, 47, 6, 113, 3, '2022-03-20 11:39:51'),
(593, 3, 7, 13, 2, '2022-06-18 22:48:07'),
(594, 12, 6, 86, 3, '2022-06-07 05:56:37'),
(595, 21, 17, 34, 4, '2022-05-15 14:35:12'),
(596, 11, 13, 164, 1, '2022-08-12 00:19:29'),
(597, 3, 13, 64, 2, '2022-01-15 13:51:06'),
(598, 63, 17, 43, 2, '2022-04-25 01:35:26'),
(599, 3, 22, 191, 3, '2022-04-15 07:06:32'),
(600, 51, 5, 159, 3, '2022-06-05 20:25:55'),
(601, 27, 13, 16, 3, '2022-08-23 10:19:40'),
(602, 24, 18, 116, 2, '2022-03-11 02:31:41'),
(603, 12, 13, 34, 3, '2022-08-25 02:54:33'),
(604, 3, 13, 157, 4, '2022-08-28 01:00:12'),
(605, 42, 18, 19, 3, '2022-07-26 20:23:41'),
(606, 17, 18, 23, 2, '2022-05-21 12:56:55'),
(607, 15, 18, 112, 2, '2022-08-02 04:37:15'),
(608, 28, 5, 38, 1, '2022-05-26 18:40:08'),
(609, 12, 5, 83, 3, '2022-05-22 13:06:30'),
(610, 57, 7, 71, 4, '2022-05-28 12:43:28'),
(611, 48, 13, 158, 4, '2022-05-28 15:46:57'),
(612, 38, 5, 1, 4, '2022-01-01 20:45:01'),
(613, 21, 17, 136, 3, '2022-05-09 15:59:29'),
(614, 53, 18, 36, 2, '2022-08-06 17:10:50'),
(615, 48, 17, 19, 4, '2022-06-14 04:34:23'),
(616, 53, 6, 38, 4, '2022-07-05 13:23:03'),
(617, 21, 5, 53, 2, '2022-04-22 21:48:34'),
(618, 45, 6, 7, 1, '2022-07-23 16:05:31'),
(619, 42, 7, 34, 1, '2022-03-17 10:13:48'),
(620, 51, 22, 86, 2, '2022-01-12 02:42:02'),
(621, 47, 5, 158, 3, '2022-07-15 14:55:58'),
(622, 35, 7, 13, 4, '2022-08-06 05:22:33'),
(623, 52, 18, 135, 4, '2022-04-04 13:36:22'),
(624, 53, 6, 72, 1, '2022-02-19 21:57:16'),
(625, 24, 12, 158, 4, '2022-05-17 07:17:21'),
(626, 53, 6, 116, 3, '2022-02-21 15:25:59'),
(627, 38, 7, 23, 1, '2022-05-26 18:50:09'),
(628, 53, 17, 85, 2, '2022-08-27 00:41:49'),
(629, 13, 17, 136, 3, '2022-06-13 00:02:27'),
(630, 45, 12, 7, 2, '2022-05-25 05:48:22'),
(631, 3, 12, 135, 2, '2022-05-19 19:34:09'),
(632, 57, 13, 159, 4, '2022-01-29 02:32:06'),
(633, 42, 18, 158, 2, '2022-03-12 10:36:57'),
(634, 21, 7, 105, 2, '2022-07-26 16:37:36'),
(635, 12, 17, 41, 4, '2022-06-05 05:16:50'),
(636, 15, 5, 190, 1, '2022-07-21 11:22:18'),
(637, 45, 12, 53, 3, '2022-04-13 17:09:37'),
(638, 57, 7, 86, 4, '2022-05-05 07:31:46'),
(639, 15, 12, 115, 1, '2022-08-28 20:52:59'),
(640, 39, 17, 190, 3, '2022-06-27 00:54:57'),
(641, 53, 12, 40, 4, '2022-05-23 03:58:42'),
(642, 3, 13, 136, 2, '2022-08-26 02:56:07'),
(643, 27, 12, 64, 3, '2022-05-20 05:54:02'),
(644, 27, 6, 64, 2, '2022-05-03 08:11:18'),
(645, 4, 12, 116, 4, '2022-02-28 16:00:41'),
(646, 42, 6, 136, 2, '2022-04-17 10:45:33'),
(647, 5, 6, 86, 4, '2022-06-19 10:54:32'),
(648, 38, 5, 53, 4, '2022-08-01 19:21:16'),
(649, 36, 12, 43, 2, '2022-03-23 19:35:16'),
(650, 11, 6, 113, 4, '2022-05-12 10:15:44'),
(651, 39, 5, 83, 3, '2022-06-29 04:41:26'),
(652, 52, 13, 158, 3, '2022-01-25 02:24:13'),
(653, 53, 5, 115, 2, '2022-08-21 12:29:13'),
(654, 11, 7, 40, 2, '2022-01-26 15:22:44'),
(655, 63, 7, 114, 4, '2022-05-27 06:36:09'),
(656, 13, 7, 86, 1, '2022-03-13 20:42:12'),
(657, 45, 22, 3, 3, '2022-06-08 13:16:17'),
(658, 27, 7, 39, 2, '2022-02-26 13:27:35'),
(659, 26, 5, 34, 3, '2022-03-04 04:10:11'),
(660, 38, 22, 105, 4, '2022-01-10 05:17:09'),
(661, 27, 12, 53, 3, '2022-03-14 15:58:02'),
(662, 21, 22, 159, 4, '2022-05-09 11:00:46'),
(663, 48, 12, 115, 4, '2022-06-23 13:14:09'),
(664, 63, 6, 16, 4, '2022-03-03 07:43:18'),
(665, 24, 17, 37, 1, '2022-08-06 05:01:38'),
(666, 47, 17, 136, 4, '2022-03-13 02:02:01'),
(667, 24, 7, 157, 4, '2022-07-08 19:46:55'),
(668, 15, 5, 38, 2, '2022-01-09 08:13:27'),
(669, 21, 12, 34, 2, '2022-03-25 03:23:56'),
(670, 36, 12, 43, 1, '2022-02-16 03:38:01'),
(671, 11, 18, 105, 4, '2022-05-15 14:35:42'),
(672, 17, 13, 71, 2, '2022-07-20 17:44:28'),
(673, 17, 12, 87, 4, '2022-01-17 03:00:38'),
(674, 63, 17, 85, 1, '2022-06-21 16:48:44'),
(675, 5, 22, 189, 4, '2022-06-27 11:02:48'),
(676, 39, 22, 114, 2, '2022-06-04 05:58:12'),
(677, 4, 7, 19, 2, '2022-06-15 13:00:23'),
(678, 3, 13, 116, 4, '2022-06-16 08:13:20'),
(679, 36, 17, 43, 2, '2022-08-07 20:08:57'),
(680, 3, 22, 18, 2, '2022-02-22 17:50:51'),
(681, 11, 22, 37, 4, '2022-07-23 20:15:03'),
(682, 42, 22, 190, 2, '2022-06-03 08:43:21'),
(683, 27, 18, 19, 1, '2022-04-20 07:56:08'),
(684, 39, 22, 85, 1, '2022-04-15 13:06:08'),
(685, 24, 6, 72, 3, '2022-05-16 03:54:50'),
(686, 28, 12, 1, 2, '2022-06-24 14:48:09'),
(687, 11, 17, 4, 3, '2022-08-12 10:00:31'),
(688, 57, 18, 114, 2, '2022-01-06 19:44:43'),
(689, 4, 7, 43, 2, '2022-08-06 13:34:22'),
(690, 51, 22, 42, 2, '2022-02-22 15:16:39'),
(691, 17, 13, 39, 3, '2022-02-23 05:54:03'),
(692, 13, 5, 83, 3, '2022-05-18 12:43:02'),
(693, 11, 18, 23, 3, '2022-06-13 22:18:04'),
(694, 27, 7, 39, 4, '2022-06-25 18:52:55'),
(695, 52, 5, 114, 3, '2022-07-03 09:16:34'),
(696, 26, 13, 38, 2, '2022-08-19 17:57:49'),
(697, 11, 7, 113, 3, '2022-01-04 02:18:12'),
(698, 48, 6, 158, 1, '2022-07-08 03:51:51'),
(699, 11, 7, 84, 4, '2022-04-27 15:42:32'),
(700, 12, 17, 135, 4, '2022-06-09 19:35:03'),
(701, 48, 17, 1, 4, '2022-01-08 00:07:46'),
(702, 15, 17, 1, 2, '2022-08-23 14:14:16'),
(703, 13, 22, 37, 4, '2022-07-13 14:42:07'),
(704, 3, 6, 16, 3, '2022-04-29 05:29:53'),
(705, 3, 6, 39, 3, '2022-06-07 01:57:14'),
(706, 47, 6, 1, 3, '2022-08-13 01:09:11'),
(707, 24, 22, 115, 4, '2022-01-19 10:44:51'),
(708, 52, 13, 40, 1, '2022-03-04 14:42:53'),
(709, 48, 18, 37, 1, '0000-00-00 00:00:00'),
(710, 57, 6, 115, 1, '2022-06-18 08:22:24'),
(711, 35, 7, 13, 3, '2022-03-02 11:06:21'),
(712, 57, 13, 87, 4, '2022-08-20 05:41:37'),
(713, 13, 22, 18, 2, '2022-02-22 02:08:10'),
(714, 36, 6, 64, 4, '2022-01-01 07:59:48'),
(715, 52, 5, 87, 1, '2022-03-20 07:58:25'),
(716, 17, 13, 136, 3, '2022-05-21 04:55:24'),
(717, 48, 5, 189, 4, '2022-05-07 17:48:47'),
(718, 51, 7, 72, 1, '2022-07-14 08:40:59'),
(719, 27, 6, 34, 2, '2022-08-17 10:35:21'),
(720, 17, 22, 72, 2, '2022-02-10 05:16:45'),
(721, 38, 7, 34, 3, '2022-05-28 05:40:05'),
(722, 45, 12, 85, 4, '2022-03-08 07:17:34'),
(723, 63, 18, 159, 4, '2022-08-07 04:06:08'),
(724, 53, 7, 115, 2, '2022-08-20 16:55:01'),
(725, 35, 18, 158, 4, '2022-02-01 08:48:42'),
(726, 35, 6, 114, 1, '2022-05-09 10:05:16'),
(727, 12, 6, 105, 4, '2022-08-05 08:26:23'),
(728, 26, 7, 42, 3, '2022-01-20 00:29:36'),
(729, 38, 17, 16, 1, '2022-02-03 04:53:23'),
(730, 35, 18, 114, 1, '2022-08-18 21:24:32'),
(731, 36, 22, 116, 1, '2022-05-14 12:14:42'),
(732, 27, 12, 116, 2, '2022-04-27 21:21:07'),
(733, 57, 7, 7, 4, '2022-08-13 06:58:52'),
(734, 5, 7, 4, 2, '2022-07-19 09:12:37'),
(735, 42, 17, 4, 3, '2022-08-21 21:21:06'),
(736, 13, 6, 40, 3, '2022-08-17 14:17:51'),
(737, 13, 5, 16, 4, '2022-02-24 21:43:59'),
(738, 13, 7, 72, 3, '2022-02-24 22:13:55'),
(739, 3, 18, 34, 4, '2022-07-01 16:33:34'),
(740, 52, 7, 53, 4, '2022-06-11 19:56:21'),
(741, 28, 5, 85, 1, '2022-03-04 18:14:25'),
(742, 63, 5, 159, 3, '2022-03-20 13:20:48'),
(743, 38, 22, 34, 1, '2022-04-03 14:42:58'),
(744, 48, 7, 1, 4, '2022-06-20 17:58:32'),
(745, 11, 22, 38, 1, '2022-08-12 22:42:36'),
(746, 15, 6, 53, 2, '2022-01-07 10:56:22'),
(747, 24, 17, 158, 4, '2022-08-29 09:24:52'),
(748, 26, 17, 136, 1, '2022-04-15 04:39:08'),
(749, 13, 22, 13, 2, '2022-03-29 09:02:17'),
(750, 36, 7, 158, 3, '2022-02-12 13:41:17'),
(751, 21, 17, 18, 1, '2022-05-19 01:04:15'),
(752, 11, 7, 19, 3, '2022-05-14 16:46:48'),
(753, 11, 22, 164, 1, '2022-04-08 18:32:35'),
(754, 53, 7, 40, 1, '2022-08-09 05:31:26'),
(755, 36, 18, 86, 3, '2022-01-02 21:44:42'),
(756, 63, 12, 157, 4, '2022-03-07 15:22:50'),
(757, 48, 13, 190, 1, '2022-02-09 05:36:02'),
(758, 13, 22, 18, 3, '2022-07-15 03:23:38'),
(759, 17, 12, 157, 1, '2022-08-20 18:32:46'),
(760, 39, 17, 43, 4, '2022-07-02 04:26:59'),
(761, 12, 13, 34, 1, '2022-06-26 17:44:29'),
(762, 17, 17, 42, 3, '2022-03-01 09:32:23'),
(763, 52, 18, 86, 2, '2022-07-09 05:33:45'),
(764, 35, 12, 190, 4, '2022-04-21 09:54:49'),
(765, 15, 6, 105, 1, '2022-02-22 10:41:34'),
(766, 24, 18, 114, 4, '2022-01-21 07:01:59'),
(767, 45, 7, 40, 1, '2022-08-01 00:35:03'),
(768, 47, 12, 116, 3, '2022-06-12 06:29:43'),
(769, 53, 18, 86, 2, '2022-06-08 06:14:59'),
(770, 53, 17, 157, 2, '2022-07-21 01:45:32'),
(771, 63, 17, 13, 4, '2022-02-19 10:34:29'),
(772, 39, 22, 112, 3, '2022-08-23 07:04:38'),
(773, 38, 18, 7, 3, '2022-08-26 14:47:15'),
(774, 63, 7, 191, 2, '2022-06-21 00:58:57'),
(775, 28, 7, 4, 2, '2022-05-24 16:01:14'),
(776, 28, 6, 39, 2, '2022-02-05 11:15:27'),
(777, 12, 18, 42, 2, '2022-02-02 20:36:30'),
(778, 38, 13, 116, 4, '2022-02-20 13:31:18'),
(779, 13, 22, 87, 1, '2022-06-29 10:36:02'),
(780, 5, 22, 86, 4, '2022-06-05 15:07:02'),
(781, 39, 6, 19, 3, '2022-08-28 12:02:56'),
(782, 26, 6, 42, 3, '2022-03-21 09:11:37'),
(783, 15, 22, 41, 1, '2022-05-04 04:05:48'),
(784, 52, 22, 189, 2, '2022-06-01 11:36:23'),
(785, 47, 12, 83, 1, '2022-07-16 02:37:30'),
(786, 63, 12, 16, 2, '2022-07-02 00:11:38'),
(787, 12, 22, 34, 3, '2022-04-04 16:05:15'),
(788, 17, 6, 39, 3, '2022-06-13 08:15:03'),
(789, 51, 6, 19, 4, '2022-06-19 08:22:24'),
(790, 11, 22, 84, 1, '2022-02-11 12:17:14'),
(791, 53, 5, 85, 2, '2022-04-19 04:07:24'),
(792, 57, 12, 114, 3, '2022-02-11 10:37:41'),
(793, 24, 12, 112, 3, '2022-05-19 17:53:54'),
(794, 45, 17, 189, 4, '2022-07-16 10:09:57'),
(795, 11, 22, 4, 4, '2022-08-12 14:59:01'),
(796, 48, 18, 53, 2, '2022-08-03 20:18:41'),
(797, 51, 12, 87, 3, '2022-04-17 00:48:05'),
(798, 51, 22, 39, 3, '2022-04-02 21:39:48'),
(799, 21, 7, 190, 4, '2022-03-09 10:35:25'),
(800, 5, 12, 41, 3, '2022-08-07 15:18:11'),
(801, 38, 7, 189, 1, '2022-08-06 07:11:38'),
(802, 52, 18, 112, 3, '2022-07-08 21:07:27'),
(803, 21, 6, 135, 2, '2022-08-02 10:46:42'),
(804, 17, 18, 189, 4, '2022-08-08 13:52:42'),
(805, 51, 12, 87, 3, '2022-07-12 15:10:21'),
(806, 13, 13, 159, 2, '2022-08-04 08:01:52'),
(807, 11, 22, 72, 4, '2022-03-08 09:20:50'),
(808, 48, 17, 42, 3, '2022-07-05 18:07:39'),
(809, 39, 6, 3, 2, '2022-02-06 12:44:23'),
(810, 28, 22, 85, 4, '2022-04-02 10:35:22'),
(811, 28, 7, 1, 1, '2022-08-19 20:29:10'),
(812, 57, 13, 39, 2, '2022-08-27 04:33:24'),
(813, 36, 5, 72, 2, '2022-05-17 09:02:02'),
(814, 26, 17, 136, 3, '2022-08-21 16:18:56'),
(815, 13, 5, 72, 1, '2022-08-07 16:26:37'),
(816, 5, 13, 83, 4, '2022-04-23 20:08:24'),
(817, 13, 12, 18, 1, '2022-06-10 22:28:10'),
(818, 4, 13, 39, 3, '2022-02-20 17:06:12'),
(819, 3, 12, 85, 4, '2022-05-11 00:54:40'),
(820, 13, 5, 18, 3, '2022-05-19 16:42:34'),
(821, 35, 13, 84, 4, '2022-05-15 06:21:08'),
(822, 63, 6, 113, 3, '2022-05-12 04:13:21'),
(823, 48, 18, 1, 3, '2022-05-13 12:00:08'),
(824, 57, 17, 135, 2, '2022-04-24 22:55:55'),
(825, 57, 12, 1, 2, '2022-07-16 01:13:38'),
(826, 63, 22, 157, 4, '2022-04-29 17:00:52'),
(827, 38, 22, 53, 3, '2022-04-24 12:07:34'),
(828, 57, 13, 19, 4, '2022-06-09 22:17:18'),
(829, 11, 12, 71, 1, '2022-02-15 11:26:18'),
(830, 4, 12, 38, 4, '2022-08-20 13:02:31'),
(831, 4, 22, 157, 3, '2022-05-10 17:24:43'),
(832, 13, 6, 114, 2, '2022-08-17 12:52:34'),
(833, 28, 17, 43, 2, '2022-06-08 05:10:16'),
(834, 39, 13, 42, 3, '2022-03-16 04:50:04'),
(835, 28, 12, 53, 1, '2022-03-02 15:58:02'),
(836, 51, 6, 190, 1, '2022-01-12 06:55:34'),
(837, 11, 13, 85, 2, '2022-01-07 12:36:19'),
(838, 52, 6, 87, 3, '2022-06-08 21:10:42'),
(839, 15, 6, 19, 1, '2022-05-24 09:56:47'),
(840, 39, 13, 64, 4, '2022-04-21 05:37:08'),
(841, 48, 22, 157, 3, '2022-06-29 12:21:48'),
(842, 53, 7, 86, 1, '2022-01-24 16:58:05'),
(843, 12, 22, 38, 1, '2022-01-19 04:29:09'),
(844, 12, 17, 3, 4, '2022-02-03 08:37:25'),
(845, 4, 18, 85, 1, '2022-07-04 13:16:32'),
(846, 42, 18, 113, 4, '2022-01-14 02:53:52'),
(847, 48, 17, 37, 2, '2022-02-10 10:43:07'),
(848, 21, 5, 158, 4, '2022-03-17 16:21:51'),
(849, 26, 18, 38, 1, '2022-07-27 12:26:24'),
(850, 26, 12, 105, 1, '2022-03-04 12:17:34'),
(851, 35, 5, 64, 3, '2022-05-23 06:51:57'),
(852, 13, 7, 38, 3, '2022-08-06 18:52:17'),
(853, 47, 13, 113, 4, '2022-03-14 22:27:18'),
(854, 17, 22, 64, 4, '2022-05-13 06:27:30'),
(855, 28, 7, 41, 3, '2022-03-17 01:02:34'),
(856, 11, 13, 40, 4, '2022-07-26 17:45:07'),
(857, 28, 7, 19, 2, '2022-06-14 13:03:24'),
(858, 27, 13, 19, 3, '2022-03-27 14:42:05'),
(859, 4, 17, 116, 4, '2022-01-26 18:41:45'),
(860, 11, 5, 13, 1, '2022-04-05 06:38:33'),
(861, 24, 5, 4, 2, '2022-05-27 14:01:06'),
(862, 24, 13, 42, 2, '2022-01-17 08:36:49'),
(863, 52, 17, 190, 4, '2022-03-15 00:35:06'),
(864, 38, 7, 72, 3, '2022-01-18 10:07:58'),
(865, 42, 13, 112, 3, '2022-08-03 03:37:19'),
(866, 53, 7, 3, 4, '2022-01-29 21:12:27'),
(867, 52, 18, 71, 2, '2022-01-10 18:12:36'),
(868, 52, 18, 72, 3, '2022-05-14 01:58:25'),
(869, 63, 18, 53, 2, '2022-01-25 00:39:37'),
(870, 24, 12, 191, 4, '2022-08-14 21:54:04'),
(871, 15, 13, 135, 1, '2022-03-14 05:22:31'),
(872, 3, 12, 71, 4, '2022-08-02 00:31:33'),
(873, 17, 5, 158, 4, '2022-07-24 22:58:33'),
(874, 42, 6, 135, 3, '2022-06-29 15:51:30'),
(875, 3, 13, 41, 3, '2022-08-13 08:58:17'),
(876, 53, 17, 190, 4, '2022-05-05 05:47:55'),
(877, 21, 5, 23, 1, '2022-03-06 21:13:03'),
(878, 35, 12, 105, 2, '2022-03-17 06:14:50'),
(879, 47, 7, 114, 4, '2022-08-28 20:25:14'),
(880, 52, 18, 191, 1, '2022-03-13 22:45:25'),
(881, 52, 17, 36, 1, '2022-04-28 17:01:58'),
(882, 38, 17, 18, 2, '2022-05-01 20:51:42'),
(883, 36, 7, 34, 2, '2022-05-13 21:19:36'),
(884, 4, 7, 16, 4, '2022-02-21 13:33:00'),
(885, 21, 13, 7, 2, '2022-01-04 20:10:27'),
(886, 17, 12, 41, 3, '2022-02-15 17:51:45'),
(887, 13, 17, 42, 1, '2022-05-07 13:52:42'),
(888, 35, 6, 7, 4, '2022-08-04 05:33:51'),
(889, 13, 22, 4, 4, '2022-02-01 18:01:31'),
(890, 12, 13, 190, 3, '2022-04-27 21:24:55'),
(891, 53, 18, 112, 4, '2022-05-11 13:23:40'),
(892, 28, 18, 43, 1, '2022-05-21 15:48:43'),
(893, 48, 12, 40, 2, '2022-03-11 00:45:37'),
(894, 42, 7, 135, 4, '2022-01-16 06:06:00'),
(895, 51, 22, 3, 2, '2022-06-05 22:02:21'),
(896, 42, 12, 41, 4, '2022-02-06 07:44:21'),
(897, 27, 13, 113, 2, '2022-03-16 09:01:57'),
(898, 4, 17, 39, 1, '2022-01-11 06:27:40'),
(899, 26, 13, 23, 1, '2022-06-22 06:03:17'),
(900, 48, 7, 83, 2, '2022-05-12 08:07:42'),
(901, 26, 13, 86, 3, '2022-02-16 08:49:37'),
(902, 45, 6, 72, 3, '2022-01-18 22:39:30'),
(903, 36, 13, 42, 1, '2022-04-03 13:07:00'),
(904, 52, 13, 7, 3, '2022-02-07 10:47:19'),
(905, 47, 17, 4, 3, '2022-05-04 20:54:08'),
(906, 15, 12, 40, 4, '2022-08-04 19:54:47'),
(907, 63, 17, 116, 2, '2022-07-09 16:44:23'),
(908, 11, 5, 53, 1, '2022-02-02 04:10:36'),
(909, 3, 7, 164, 1, '2022-07-14 08:41:59'),
(910, 26, 22, 41, 2, '2022-01-13 04:42:13'),
(911, 21, 13, 84, 3, '2022-06-05 10:01:41'),
(912, 57, 13, 34, 2, '2022-03-16 06:09:20'),
(913, 11, 12, 116, 3, '2022-08-12 19:24:36'),
(914, 12, 6, 116, 2, '2022-04-13 12:39:04'),
(915, 51, 5, 113, 3, '2022-05-09 03:20:50'),
(916, 47, 22, 114, 2, '2022-02-03 01:13:03'),
(917, 13, 22, 42, 1, '2022-05-05 08:50:53'),
(918, 24, 12, 116, 1, '2022-08-20 03:38:45'),
(919, 36, 7, 87, 3, '2022-06-19 18:56:17'),
(920, 36, 5, 3, 4, '2022-08-01 01:48:25'),
(921, 24, 22, 84, 2, '2022-02-27 16:56:57'),
(922, 63, 13, 189, 2, '2022-06-21 07:35:48'),
(923, 15, 22, 1, 2, '2022-08-18 12:28:45'),
(924, 28, 6, 64, 2, '2022-05-28 12:33:42'),
(925, 27, 22, 42, 1, '2022-05-08 17:14:14'),
(926, 27, 12, 114, 1, '2022-02-23 16:57:35'),
(927, 35, 6, 16, 4, '2022-03-29 16:52:58'),
(928, 26, 5, 164, 1, '2022-02-02 19:21:02'),
(929, 15, 7, 113, 3, '2022-03-15 05:39:16'),
(930, 48, 5, 42, 2, '2022-08-20 04:30:24'),
(931, 45, 17, 114, 3, '2022-04-13 10:17:25'),
(932, 35, 5, 7, 1, '2022-06-28 22:33:07'),
(933, 17, 5, 64, 4, '2022-06-19 22:28:19'),
(934, 27, 22, 64, 3, '2022-03-05 05:04:57'),
(935, 5, 6, 86, 3, '2022-07-15 11:14:04'),
(936, 38, 5, 190, 4, '2022-07-25 12:01:23'),
(937, 12, 5, 37, 3, '2022-05-28 13:48:37'),
(938, 53, 12, 40, 1, '2022-06-22 08:28:56'),
(939, 13, 7, 157, 3, '2022-05-12 08:32:09'),
(940, 11, 12, 19, 1, '2022-04-13 11:44:29'),
(941, 48, 18, 136, 4, '2022-05-15 19:05:47'),
(942, 11, 7, 159, 2, '2022-02-20 05:27:54'),
(943, 38, 5, 189, 2, '2022-01-16 12:08:21'),
(944, 36, 12, 3, 1, '2022-03-10 12:52:43'),
(945, 26, 7, 158, 3, '2022-05-07 15:19:33'),
(946, 35, 12, 87, 4, '2022-01-24 10:41:17'),
(947, 48, 12, 158, 1, '2022-02-18 21:06:14'),
(948, 17, 18, 158, 2, '2022-04-02 11:58:29'),
(949, 57, 5, 41, 3, '2022-06-10 01:16:24'),
(950, 13, 7, 4, 1, '2022-03-19 17:11:32'),
(951, 15, 6, 53, 3, '2022-05-27 03:17:25'),
(952, 38, 17, 23, 1, '2022-08-11 05:25:54'),
(953, 53, 17, 18, 3, '2022-03-07 01:18:29'),
(954, 52, 13, 38, 3, '2022-02-17 16:02:37'),
(955, 35, 22, 191, 1, '2022-08-23 09:16:19'),
(956, 21, 7, 36, 3, '2022-03-02 01:21:29'),
(957, 36, 12, 189, 2, '2022-01-03 14:24:02'),
(958, 39, 22, 37, 1, '2022-04-08 09:18:59'),
(959, 45, 5, 4, 1, '2022-01-02 03:06:00'),
(960, 51, 17, 159, 4, '2022-07-17 06:54:22'),
(961, 11, 17, 86, 3, '2022-06-20 00:36:04'),
(962, 51, 18, 1, 4, '2022-06-27 17:44:11'),
(963, 47, 17, 72, 2, '2022-01-23 11:37:40'),
(964, 35, 18, 13, 2, '2022-07-18 17:14:10'),
(965, 47, 22, 190, 2, '2022-04-07 00:05:30'),
(966, 24, 17, 37, 4, '2022-01-06 16:59:43'),
(967, 24, 7, 36, 2, '2022-01-23 04:33:38'),
(968, 45, 6, 19, 1, '2022-04-11 19:46:05'),
(969, 12, 13, 87, 1, '2022-04-07 20:55:06'),
(970, 38, 6, 105, 4, '2022-08-13 11:45:07'),
(971, 47, 6, 13, 4, '2022-07-17 09:50:40'),
(972, 51, 18, 83, 4, '2022-06-02 01:08:32'),
(973, 13, 13, 16, 4, '2022-02-08 22:40:49'),
(974, 48, 5, 36, 4, '2022-04-21 03:49:37'),
(975, 17, 22, 41, 2, '2022-01-05 02:57:05'),
(976, 63, 17, 18, 2, '2022-08-10 14:22:43'),
(977, 39, 5, 42, 1, '2022-06-17 15:53:06'),
(978, 27, 13, 85, 1, '2022-02-10 15:59:46'),
(979, 45, 7, 39, 4, '2022-07-07 13:39:20'),
(980, 39, 18, 3, 2, '2022-06-01 21:07:49'),
(981, 27, 22, 3, 3, '2022-08-21 21:44:13'),
(982, 35, 17, 41, 1, '2022-03-23 12:55:59'),
(983, 42, 13, 87, 1, '2022-02-16 13:05:38'),
(984, 24, 22, 1, 2, '2022-05-01 08:13:09'),
(985, 63, 12, 3, 4, '2022-06-08 22:14:41'),
(986, 15, 13, 158, 3, '2022-01-17 17:08:00'),
(987, 24, 6, 16, 2, '2022-01-13 02:27:44'),
(988, 63, 6, 86, 4, '2022-03-26 04:21:29'),
(989, 42, 17, 105, 4, '2022-07-18 08:39:31'),
(990, 53, 17, 13, 4, '2022-02-20 12:03:02'),
(991, 27, 17, 3, 4, '2022-03-01 01:48:49'),
(992, 42, 17, 83, 2, '2022-04-01 12:13:58'),
(993, 5, 13, 157, 1, '2022-02-05 06:22:53'),
(994, 24, 12, 164, 2, '2022-06-10 17:09:25'),
(995, 21, 6, 4, 1, '2022-03-13 00:57:58'),
(996, 27, 7, 116, 2, '2022-07-02 08:06:12'),
(997, 5, 12, 23, 3, '2022-08-16 01:46:52'),
(998, 39, 13, 189, 2, '2022-03-18 14:07:26'),
(999, 21, 18, 39, 2, '2022-05-24 17:17:23'),
(1000, 3, 7, 85, 3, '2022-02-03 13:59:27'),
(1001, 11, 17, 64, 2, '2022-04-16 00:11:23'),
(1002, 45, 17, 18, 4, '2022-07-04 21:32:27'),
(1003, 11, 7, 159, 2, '2022-02-26 10:15:52'),
(1004, 63, 13, 71, 4, '2022-04-07 00:39:25'),
(1005, 36, 13, 4, 1, '2022-05-16 15:39:52'),
(1006, 45, 18, 3, 1, '2022-02-27 01:40:23'),
(1007, 52, 7, 1, 2, '2022-04-03 04:41:16'),
(1008, 47, 5, 114, 2, '2022-04-29 07:24:04'),
(1009, 35, 22, 190, 3, '0000-00-00 00:00:00'),
(1010, 27, 22, 85, 1, '2022-03-22 02:51:36'),
(1011, 53, 17, 64, 4, '2022-03-06 05:50:23'),
(1012, 12, 13, 18, 3, '2022-03-16 11:06:48'),
(1013, 28, 7, 83, 4, '2022-06-23 21:40:12'),
(1014, 17, 7, 159, 2, '2022-07-05 10:09:24'),
(1015, 63, 13, 7, 4, '2022-08-13 09:50:18'),
(1016, 51, 22, 39, 3, '2022-03-18 11:21:25'),
(1017, 26, 6, 136, 1, '2022-01-18 13:48:07'),
(1018, 52, 5, 13, 3, '2022-01-05 03:27:05'),
(1019, 27, 22, 164, 3, '2022-03-21 11:39:01'),
(1020, 48, 6, 191, 2, '2022-04-04 18:18:57'),
(1021, 5, 22, 83, 4, '2022-02-13 05:50:49'),
(1022, 42, 18, 40, 1, '2022-03-09 08:52:33'),
(1023, 51, 17, 40, 3, '2022-07-01 00:54:08'),
(1024, 63, 17, 42, 2, '2022-07-13 07:39:34'),
(1025, 15, 13, 136, 3, '2022-02-18 12:02:59'),
(1026, 57, 5, 157, 2, '2022-03-24 15:38:41'),
(1027, 42, 12, 112, 3, '2022-03-06 07:55:10'),
(1028, 39, 7, 3, 4, '2022-04-12 03:55:49'),
(1029, 53, 13, 191, 1, '2022-04-14 22:31:32'),
(1030, 45, 18, 116, 3, '2022-06-14 19:37:41'),
(1031, 26, 18, 157, 1, '2022-06-07 06:02:35'),
(1032, 28, 7, 112, 4, '2022-08-06 07:19:35'),
(1033, 38, 22, 114, 4, '2022-08-25 05:30:16'),
(1034, 12, 6, 37, 1, '2022-04-07 18:33:36'),
(1035, 57, 6, 191, 3, '2022-03-22 05:07:59'),
(1036, 52, 6, 87, 1, '2022-07-21 11:05:15'),
(1037, 5, 18, 18, 4, '2022-05-11 18:22:58'),
(1038, 57, 12, 1, 3, '2022-06-03 19:01:34'),
(1039, 52, 13, 112, 3, '2022-03-04 04:41:08'),
(1040, 48, 7, 23, 2, '2022-04-04 14:46:41'),
(1041, 57, 7, 36, 4, '2022-05-24 04:07:29'),
(1042, 38, 17, 159, 4, '2022-04-25 13:18:59'),
(1043, 42, 18, 112, 4, '2022-04-03 05:08:53'),
(1044, 15, 5, 114, 3, '2022-06-10 04:32:50'),
(1045, 5, 7, 16, 4, '2022-01-05 12:00:39'),
(1046, 26, 7, 53, 1, '2022-03-22 15:57:50'),
(1047, 28, 17, 83, 1, '2022-04-16 13:58:32'),
(1048, 11, 18, 53, 3, '2022-01-29 03:16:19'),
(1049, 39, 22, 3, 1, '2022-02-09 05:06:07'),
(1050, 27, 5, 43, 2, '2022-06-29 22:20:05'),
(1051, 13, 22, 105, 2, '2022-03-14 04:26:59'),
(1052, 53, 17, 4, 1, '2022-03-13 05:05:41'),
(1053, 27, 18, 18, 2, '2022-08-20 17:26:25'),
(1054, 47, 12, 41, 4, '2022-06-22 18:30:46'),
(1055, 28, 12, 41, 2, '2022-08-06 14:17:17'),
(1056, 24, 18, 19, 4, '2022-02-04 10:14:38'),
(1057, 24, 18, 38, 1, '2022-05-20 22:53:01'),
(1058, 28, 22, 16, 4, '2022-07-04 13:52:11'),
(1059, 52, 12, 13, 2, '2022-05-07 12:06:37'),
(1060, 12, 18, 39, 2, '2022-05-24 15:48:30'),
(1061, 51, 17, 53, 4, '2022-05-28 02:23:55'),
(1062, 3, 22, 71, 3, '2022-08-20 00:41:54'),
(1063, 52, 7, 43, 3, '2022-08-24 16:55:42'),
(1064, 17, 17, 36, 3, '2022-07-02 00:11:41'),
(1065, 57, 18, 114, 1, '2022-03-02 11:06:41'),
(1066, 35, 18, 13, 4, '2022-04-22 03:10:16'),
(1067, 51, 18, 114, 1, '2022-07-12 04:59:58'),
(1068, 15, 17, 84, 2, '2022-04-27 07:49:12'),
(1069, 21, 13, 190, 4, '2022-06-18 02:02:00'),
(1070, 17, 13, 38, 2, '2022-07-13 06:02:05'),
(1071, 57, 7, 164, 4, '2022-01-24 22:12:17'),
(1072, 13, 17, 40, 1, '2022-05-21 12:38:09'),
(1073, 52, 22, 13, 2, '2022-04-24 01:31:46'),
(1074, 27, 7, 16, 4, '2022-07-14 19:41:27'),
(1075, 4, 13, 112, 1, '2022-06-11 16:42:23'),
(1076, 5, 17, 115, 4, '2022-07-22 07:22:54'),
(1077, 5, 18, 39, 1, '2022-05-07 14:08:15'),
(1078, 15, 18, 113, 2, '2022-03-29 10:48:36'),
(1079, 45, 7, 38, 1, '2022-04-08 15:28:16'),
(1080, 42, 13, 7, 3, '2022-08-12 07:54:29'),
(1081, 36, 13, 190, 4, '2022-04-25 07:42:50'),
(1082, 11, 7, 114, 2, '2022-08-02 20:53:00'),
(1083, 48, 18, 34, 3, '2022-02-19 04:22:26'),
(1084, 51, 12, 157, 2, '2022-05-27 17:31:20'),
(1085, 24, 6, 164, 1, '2022-02-10 10:41:22'),
(1086, 45, 22, 37, 3, '2022-07-18 16:41:43'),
(1087, 11, 6, 85, 2, '2022-02-16 03:02:48'),
(1088, 28, 7, 157, 3, '2022-03-14 05:06:17'),
(1089, 5, 5, 116, 3, '2022-04-19 22:51:18'),
(1090, 26, 13, 191, 3, '2022-02-26 12:11:32'),
(1091, 15, 5, 34, 3, '2022-08-09 15:23:02'),
(1092, 4, 17, 84, 2, '2022-07-14 20:48:12'),
(1093, 3, 18, 190, 4, '2022-03-17 02:13:12'),
(1094, 21, 17, 34, 4, '2022-07-02 00:47:17'),
(1095, 17, 5, 43, 4, '2022-05-29 06:07:32'),
(1096, 11, 12, 135, 4, '2022-08-28 22:38:03'),
(1097, 26, 6, 116, 3, '2022-07-28 09:49:14'),
(1098, 57, 17, 159, 4, '2022-07-18 09:03:31'),
(1099, 52, 17, 72, 3, '2022-04-27 15:40:19'),
(1100, 51, 7, 72, 2, '2022-04-06 22:56:50'),
(1101, 48, 18, 114, 1, '2022-02-22 21:03:55'),
(1102, 38, 7, 116, 1, '2022-08-21 11:35:22'),
(1103, 38, 6, 86, 2, '2022-04-02 18:12:02'),
(1104, 52, 22, 42, 3, '2022-03-15 10:32:37'),
(1105, 27, 5, 164, 3, '2022-02-07 14:30:09'),
(1106, 45, 7, 7, 4, '2022-05-27 02:22:41'),
(1107, 17, 13, 42, 3, '2022-08-21 15:10:08'),
(1108, 26, 18, 43, 4, '2022-02-27 12:25:14'),
(1109, 45, 12, 4, 2, '2022-06-08 03:17:36'),
(1110, 45, 22, 114, 2, '2022-05-18 02:18:55'),
(1111, 52, 7, 72, 3, '2022-05-13 12:37:04'),
(1112, 11, 7, 39, 2, '2022-02-02 08:18:18'),
(1113, 45, 7, 19, 2, '2022-01-05 07:38:19'),
(1114, 36, 17, 41, 3, '2022-01-22 22:21:49'),
(1115, 57, 5, 135, 4, '2022-06-07 07:43:48'),
(1116, 52, 18, 84, 1, '2022-04-18 17:57:34'),
(1117, 38, 6, 113, 3, '2022-03-18 19:05:14'),
(1118, 36, 12, 13, 1, '2022-08-11 21:47:15'),
(1119, 26, 13, 41, 2, '2022-01-27 06:23:13'),
(1120, 21, 17, 7, 1, '2022-06-08 13:38:52'),
(1121, 45, 5, 189, 4, '2022-02-14 05:15:53'),
(1122, 3, 6, 4, 3, '2022-05-03 13:37:20'),
(1123, 42, 13, 4, 3, '2022-08-29 11:46:25'),
(1124, 13, 7, 158, 2, '2022-08-28 21:51:43'),
(1125, 21, 18, 42, 4, '2022-07-01 08:34:12'),
(1126, 39, 7, 4, 2, '2022-02-20 16:58:57'),
(1127, 42, 6, 105, 4, '2022-08-20 10:13:13'),
(1128, 24, 5, 157, 1, '2022-08-12 13:32:29'),
(1129, 11, 17, 85, 2, '2022-06-28 18:08:41'),
(1130, 13, 12, 87, 4, '2022-08-08 16:21:25'),
(1131, 35, 12, 191, 4, '2022-03-29 19:14:29'),
(1132, 15, 6, 42, 3, '2022-08-27 00:42:48'),
(1133, 17, 17, 43, 4, '2022-08-21 16:46:58'),
(1134, 36, 17, 41, 2, '2022-03-09 12:06:52'),
(1135, 17, 5, 84, 2, '2022-05-29 22:48:04'),
(1136, 38, 5, 42, 3, '2022-01-18 05:36:51'),
(1137, 11, 18, 84, 1, '2022-03-19 20:54:32'),
(1138, 15, 17, 84, 3, '0000-00-00 00:00:00'),
(1139, 5, 6, 1, 4, '2022-02-04 06:24:04'),
(1140, 45, 12, 37, 1, '2022-03-08 02:36:42'),
(1141, 52, 18, 40, 2, '2022-06-06 19:20:39'),
(1142, 39, 6, 16, 1, '2022-05-11 19:30:26'),
(1143, 57, 12, 190, 2, '2022-04-12 17:56:52'),
(1144, 53, 7, 64, 4, '2022-01-14 19:00:37'),
(1145, 45, 12, 113, 4, '2022-04-19 12:05:15'),
(1146, 35, 22, 159, 3, '2022-01-21 21:24:12'),
(1147, 57, 22, 18, 2, '2022-06-26 07:56:31'),
(1148, 48, 17, 39, 4, '2022-01-20 15:58:58'),
(1149, 47, 18, 136, 3, '2022-04-12 09:14:30'),
(1150, 27, 5, 13, 1, '2022-06-21 13:53:57'),
(1151, 13, 7, 115, 1, '2022-06-13 02:16:23'),
(1152, 26, 6, 64, 3, '2022-04-01 03:23:11'),
(1153, 3, 13, 13, 4, '2022-05-05 22:04:54'),
(1154, 51, 18, 85, 4, '2022-03-13 15:50:42'),
(1155, 57, 22, 41, 4, '2022-02-26 04:42:45'),
(1156, 13, 5, 159, 3, '2022-07-25 21:19:14'),
(1157, 38, 17, 84, 1, '2022-06-24 06:57:34'),
(1158, 5, 6, 40, 4, '2022-05-01 04:24:42'),
(1159, 27, 12, 112, 2, '2022-03-17 18:37:37'),
(1160, 12, 22, 164, 3, '2022-03-25 16:16:05'),
(1161, 42, 7, 53, 3, '2022-05-20 06:39:36'),
(1162, 15, 5, 39, 2, '2022-01-06 21:52:25'),
(1163, 13, 7, 37, 1, '2022-06-09 19:42:19'),
(1164, 4, 17, 191, 3, '2022-06-23 03:51:26'),
(1165, 42, 13, 16, 1, '2022-06-05 05:22:59');
INSERT INTO `log` (`Id`, `ClientId`, `SellerId`, `ProductId`, `Quantity`, `Date`) VALUES
(1166, 51, 7, 190, 2, '2022-03-11 16:47:25'),
(1167, 11, 6, 3, 4, '2022-06-25 09:52:20'),
(1168, 57, 22, 157, 3, '2022-04-12 03:43:59'),
(1169, 12, 6, 34, 2, '2022-06-19 11:01:38'),
(1170, 47, 6, 40, 2, '2022-03-20 05:04:56'),
(1171, 63, 22, 164, 2, '2022-01-20 04:31:30'),
(1172, 24, 12, 105, 1, '2022-03-25 20:55:01'),
(1173, 48, 12, 71, 2, '2022-03-23 10:38:26'),
(1174, 57, 5, 23, 1, '2022-01-01 03:54:40'),
(1175, 15, 5, 105, 2, '2022-08-10 16:26:25'),
(1176, 57, 5, 43, 4, '2022-06-18 21:57:46'),
(1177, 4, 5, 34, 3, '2022-03-27 20:05:22'),
(1178, 21, 5, 116, 1, '2022-04-23 14:02:43'),
(1179, 36, 5, 53, 4, '2022-07-21 05:12:01'),
(1180, 11, 22, 112, 4, '2022-03-06 00:51:38'),
(1181, 63, 6, 7, 1, '2022-03-26 09:06:15'),
(1182, 51, 6, 23, 2, '2022-05-10 22:48:20'),
(1183, 21, 22, 18, 3, '2022-02-28 14:00:27'),
(1184, 51, 13, 4, 4, '2022-06-25 14:49:36'),
(1185, 45, 18, 87, 3, '2022-05-14 13:59:40'),
(1186, 35, 18, 64, 3, '2022-06-13 06:44:44'),
(1187, 12, 17, 19, 2, '2022-06-11 12:13:30'),
(1188, 51, 7, 85, 2, '2022-08-02 08:40:03'),
(1189, 17, 5, 136, 1, '2022-03-09 16:07:07'),
(1190, 15, 7, 42, 4, '2022-05-15 06:41:33'),
(1191, 47, 17, 3, 4, '2022-07-17 15:24:09'),
(1192, 57, 18, 190, 4, '2022-03-12 04:08:16'),
(1193, 53, 6, 86, 1, '2022-03-15 07:13:55'),
(1194, 28, 5, 116, 3, '2022-03-26 09:30:41'),
(1195, 12, 5, 3, 2, '2022-07-15 06:27:11'),
(1196, 11, 22, 84, 1, '2022-02-02 18:43:24'),
(1197, 4, 13, 38, 4, '2022-06-15 20:27:24'),
(1198, 28, 12, 114, 3, '2022-07-06 00:38:46'),
(1199, 52, 18, 7, 3, '2022-04-10 13:42:20'),
(1200, 53, 12, 112, 3, '2022-04-09 19:16:33'),
(1201, 11, 5, 157, 3, '2022-05-24 04:58:55'),
(1202, 5, 13, 42, 1, '2022-03-19 02:22:30'),
(1203, 57, 13, 83, 2, '2022-06-26 10:44:38'),
(1204, 63, 22, 41, 3, '2022-04-07 17:41:58'),
(1205, 4, 17, 4, 4, '2022-06-15 16:06:19'),
(1206, 35, 22, 113, 1, '2022-01-14 21:13:50'),
(1207, 38, 18, 191, 3, '2022-04-26 05:46:19'),
(1208, 48, 22, 83, 1, '2022-05-03 18:08:01'),
(1209, 51, 6, 3, 2, '2022-02-20 15:21:52'),
(1210, 15, 6, 3, 2, '2022-08-27 19:19:18'),
(1211, 26, 6, 23, 2, '2022-05-06 07:00:18'),
(1212, 24, 22, 71, 1, '2022-05-14 01:53:17'),
(1213, 15, 12, 86, 3, '2022-03-18 20:36:11'),
(1214, 3, 18, 4, 4, '2022-01-16 10:15:53'),
(1215, 57, 12, 112, 3, '2022-04-21 13:34:19'),
(1216, 63, 12, 135, 4, '2022-06-04 13:48:14'),
(1217, 39, 12, 53, 1, '2022-07-15 18:46:37'),
(1218, 28, 7, 64, 3, '2022-04-10 08:55:05'),
(1219, 48, 22, 71, 2, '2022-04-09 16:57:15'),
(1220, 4, 5, 87, 4, '2022-08-09 06:39:33'),
(1221, 63, 18, 191, 3, '2022-04-27 03:07:09'),
(1222, 24, 17, 7, 1, '2022-02-14 08:44:48'),
(1223, 13, 13, 135, 3, '2022-01-09 20:54:51'),
(1224, 11, 7, 16, 3, '2022-03-16 14:19:06'),
(1225, 39, 12, 105, 1, '2022-02-23 19:47:49'),
(1226, 4, 17, 115, 4, '2022-07-05 21:12:18'),
(1227, 35, 22, 83, 3, '2022-04-09 04:10:45'),
(1228, 45, 5, 105, 3, '2022-07-22 11:02:52'),
(1229, 35, 5, 135, 4, '2022-08-03 09:44:21'),
(1230, 4, 13, 116, 1, '2022-08-04 18:06:55'),
(1231, 38, 7, 42, 2, '2022-03-11 14:26:54'),
(1232, 15, 6, 85, 3, '2022-06-26 22:10:29'),
(1233, 45, 22, 84, 3, '2022-04-04 17:00:27'),
(1234, 5, 12, 4, 2, '2022-05-05 20:53:53'),
(1235, 11, 18, 41, 3, '2022-05-03 17:54:16'),
(1236, 11, 7, 85, 1, '2022-08-09 08:48:51'),
(1237, 51, 13, 86, 2, '2022-08-13 19:48:17'),
(1238, 15, 22, 115, 4, '2022-08-21 13:51:21'),
(1239, 17, 7, 18, 1, '2022-03-27 15:25:33'),
(1240, 21, 7, 164, 4, '2022-04-13 10:53:55'),
(1241, 35, 17, 37, 4, '2022-08-25 13:48:16'),
(1242, 3, 5, 135, 1, '2022-02-17 05:23:02'),
(1243, 63, 5, 1, 1, '2022-05-22 19:54:54'),
(1244, 39, 12, 115, 1, '2022-02-20 17:31:38'),
(1245, 27, 7, 135, 2, '2022-04-14 17:35:19'),
(1246, 4, 12, 71, 2, '2022-08-03 11:01:55'),
(1247, 27, 17, 18, 2, '2022-04-06 09:24:39'),
(1248, 21, 22, 71, 4, '2022-08-26 20:39:51'),
(1249, 24, 17, 158, 4, '2022-08-17 12:17:44'),
(1250, 12, 17, 105, 2, '2022-01-11 04:15:18'),
(1251, 13, 6, 136, 4, '2022-04-18 05:50:27'),
(1252, 53, 18, 71, 4, '2022-05-16 18:23:30'),
(1253, 11, 17, 3, 3, '2022-07-22 00:57:32'),
(1254, 38, 6, 87, 4, '2022-04-25 14:55:40'),
(1255, 38, 22, 1, 4, '2022-08-19 07:15:58'),
(1256, 5, 18, 39, 3, '2022-02-04 19:37:58'),
(1257, 5, 12, 84, 1, '2022-05-05 09:55:09'),
(1258, 27, 12, 85, 2, '2022-01-16 01:48:32'),
(1259, 26, 6, 189, 4, '2022-03-04 18:27:48'),
(1260, 45, 7, 116, 2, '2022-02-16 21:29:58'),
(1261, 28, 13, 112, 4, '2022-05-08 12:14:09'),
(1262, 36, 13, 72, 2, '2022-07-04 18:58:24'),
(1263, 45, 12, 136, 2, '2022-03-16 15:16:54'),
(1264, 35, 6, 41, 1, '2022-06-02 02:21:59'),
(1265, 52, 12, 71, 4, '2022-07-24 07:23:26'),
(1266, 38, 7, 83, 2, '2022-01-02 04:34:19'),
(1267, 15, 5, 136, 4, '2022-07-23 08:40:57'),
(1268, 12, 18, 113, 2, '2022-02-09 15:24:06'),
(1269, 27, 12, 23, 2, '2022-07-27 13:48:46'),
(1270, 21, 17, 13, 4, '2022-06-08 05:42:28'),
(1271, 48, 18, 36, 2, '2022-01-14 15:20:53'),
(1272, 57, 5, 18, 2, '2022-02-23 04:45:30'),
(1273, 28, 12, 1, 1, '2022-07-02 02:41:10'),
(1274, 35, 22, 86, 3, '2022-02-11 15:03:34'),
(1275, 13, 7, 116, 3, '2022-07-09 06:16:50'),
(1276, 45, 6, 84, 1, '2022-06-02 06:00:37'),
(1277, 36, 22, 105, 2, '2022-06-25 09:19:11'),
(1278, 27, 7, 36, 2, '2022-01-02 09:28:02'),
(1279, 4, 6, 113, 3, '2022-07-02 01:32:31'),
(1280, 52, 12, 86, 1, '2022-06-29 20:09:29'),
(1281, 3, 18, 86, 3, '2022-01-28 21:07:05'),
(1282, 5, 18, 189, 2, '2022-07-22 09:37:57'),
(1283, 47, 13, 37, 2, '2022-03-25 03:20:58'),
(1284, 17, 18, 7, 3, '2022-01-11 05:31:28'),
(1285, 35, 7, 83, 4, '2022-01-04 12:10:20'),
(1286, 13, 13, 13, 3, '2022-05-17 08:47:13'),
(1287, 42, 7, 83, 2, '2022-04-28 22:57:38'),
(1288, 51, 18, 4, 2, '2022-03-06 01:45:14'),
(1289, 13, 7, 105, 3, '2022-08-10 00:21:02'),
(1290, 63, 13, 40, 1, '2022-03-17 10:06:07'),
(1291, 47, 17, 7, 4, '2022-08-20 09:46:00'),
(1292, 24, 22, 72, 2, '2022-08-16 14:53:54'),
(1293, 53, 12, 189, 1, '2022-05-05 16:58:10'),
(1294, 12, 12, 116, 2, '2022-06-08 20:51:12'),
(1295, 53, 12, 18, 1, '2022-06-08 11:14:25'),
(1296, 63, 6, 135, 3, '2022-07-10 19:58:03'),
(1297, 21, 18, 71, 4, '2022-07-17 03:40:48'),
(1298, 48, 18, 43, 3, '2022-01-03 09:58:48'),
(1299, 26, 6, 115, 4, '2022-04-12 09:09:23'),
(1300, 45, 17, 116, 4, '2022-01-02 10:24:08'),
(1301, 45, 5, 37, 4, '2022-08-21 02:58:05'),
(1302, 24, 22, 41, 3, '2022-02-17 02:44:06'),
(1303, 53, 7, 83, 3, '2022-02-02 10:09:48'),
(1304, 42, 12, 23, 1, '2022-05-19 10:37:50'),
(1305, 38, 18, 114, 1, '2022-03-19 21:57:52'),
(1306, 5, 12, 71, 1, '2022-05-14 10:23:47'),
(1307, 52, 22, 189, 1, '2022-05-03 22:49:47'),
(1308, 24, 22, 42, 1, '2022-07-20 06:47:01'),
(1309, 63, 6, 86, 2, '2022-04-28 05:19:48'),
(1310, 48, 22, 1, 2, '2022-03-08 20:04:43'),
(1311, 5, 5, 71, 2, '2022-06-07 16:04:12'),
(1312, 28, 5, 83, 3, '2022-02-22 05:20:32'),
(1313, 11, 13, 164, 3, '2022-02-23 19:13:48'),
(1314, 48, 18, 53, 1, '2022-06-14 14:35:31'),
(1315, 11, 7, 53, 4, '2022-07-06 15:56:03'),
(1316, 26, 13, 115, 3, '2022-02-16 08:31:10'),
(1317, 17, 22, 13, 3, '2022-05-22 10:38:36'),
(1318, 3, 13, 64, 2, '2022-01-03 09:31:11'),
(1319, 28, 22, 158, 1, '2022-06-04 10:41:19'),
(1320, 39, 6, 189, 1, '2022-07-02 16:46:18'),
(1321, 42, 22, 83, 4, '2022-08-07 15:44:07'),
(1322, 5, 22, 38, 4, '2022-03-19 13:18:41'),
(1323, 4, 17, 86, 1, '2022-06-03 19:20:30'),
(1324, 13, 7, 37, 2, '2022-05-08 00:37:18'),
(1325, 15, 18, 85, 4, '2022-01-16 04:06:40'),
(1326, 24, 7, 3, 1, '2022-07-22 09:27:38'),
(1327, 3, 12, 37, 2, '2022-05-10 22:24:10'),
(1328, 24, 6, 34, 3, '2022-04-10 09:23:58'),
(1329, 26, 13, 71, 1, '2022-04-15 12:16:14'),
(1330, 48, 6, 190, 1, '2022-08-11 20:43:40'),
(1331, 53, 5, 115, 3, '2022-07-07 21:29:27'),
(1332, 5, 17, 42, 4, '2022-06-08 10:28:44'),
(1333, 13, 5, 189, 1, '2022-04-04 01:27:11'),
(1334, 27, 12, 136, 4, '2022-05-20 12:59:43'),
(1335, 27, 18, 72, 1, '2022-05-17 11:22:28'),
(1336, 21, 18, 7, 2, '2022-04-26 15:21:37'),
(1337, 27, 6, 42, 4, '2022-05-28 19:28:44'),
(1338, 63, 13, 16, 3, '2022-07-27 17:22:47'),
(1339, 5, 18, 42, 1, '2022-08-16 04:55:11'),
(1340, 42, 5, 114, 1, '2022-01-24 11:46:54'),
(1341, 51, 7, 115, 3, '2022-05-01 20:06:38'),
(1342, 26, 13, 4, 4, '2022-05-19 22:46:25'),
(1343, 63, 12, 34, 1, '2022-08-25 11:19:59'),
(1344, 45, 7, 19, 3, '2022-06-20 05:58:27'),
(1345, 17, 5, 83, 3, '2022-05-23 06:13:48'),
(1346, 53, 17, 23, 3, '2022-03-07 14:32:37'),
(1347, 35, 5, 16, 4, '2022-04-17 16:36:53'),
(1348, 11, 17, 159, 4, '2022-06-04 21:30:22'),
(1349, 57, 13, 105, 1, '2022-05-18 05:50:38'),
(1350, 11, 22, 40, 4, '2022-03-19 13:23:36'),
(1351, 15, 6, 159, 4, '2022-04-11 18:25:29'),
(1352, 47, 18, 86, 1, '2022-05-13 05:43:56'),
(1353, 42, 6, 37, 2, '2022-08-01 18:25:16'),
(1354, 36, 7, 87, 2, '2022-05-29 09:13:41'),
(1355, 35, 6, 36, 1, '2022-03-13 13:46:11'),
(1356, 52, 7, 84, 4, '0000-00-00 00:00:00'),
(1357, 28, 5, 136, 3, '2022-08-08 14:44:57'),
(1358, 12, 6, 34, 4, '2022-07-24 15:47:56'),
(1359, 24, 18, 105, 3, '2022-01-27 08:13:49'),
(1360, 35, 17, 71, 3, '2022-04-09 15:37:05'),
(1361, 15, 17, 116, 1, '2022-06-23 05:14:30'),
(1362, 21, 22, 135, 4, '2022-04-02 20:15:26'),
(1363, 3, 5, 42, 1, '2022-06-24 00:27:22'),
(1364, 15, 12, 114, 4, '2022-05-16 11:56:41'),
(1365, 48, 5, 38, 2, '2022-06-29 03:20:21'),
(1366, 53, 18, 19, 4, '2022-07-11 03:32:06'),
(1367, 38, 17, 53, 1, '2022-06-18 06:41:19'),
(1368, 3, 7, 158, 4, '2022-06-25 11:21:29'),
(1369, 17, 13, 34, 1, '2022-05-01 20:48:03'),
(1370, 53, 17, 164, 3, '2022-05-21 01:59:36'),
(1371, 38, 7, 115, 3, '2022-07-05 16:02:24'),
(1372, 12, 7, 23, 1, '2022-07-06 16:50:46'),
(1373, 53, 17, 84, 4, '2022-05-25 05:35:11'),
(1374, 12, 22, 87, 4, '2022-07-09 11:08:45'),
(1375, 48, 22, 136, 2, '2022-08-01 07:37:58'),
(1376, 24, 22, 116, 2, '2022-01-21 22:46:53'),
(1377, 3, 22, 64, 1, '2022-02-21 09:25:31'),
(1378, 3, 12, 87, 2, '2022-03-22 05:07:14'),
(1379, 27, 12, 39, 1, '2022-03-29 11:12:13'),
(1380, 28, 13, 87, 2, '2022-01-20 08:21:06'),
(1381, 4, 7, 84, 2, '2022-07-06 04:16:43'),
(1382, 15, 17, 13, 1, '2022-07-23 22:03:23'),
(1383, 26, 18, 135, 3, '2022-04-10 17:12:50'),
(1384, 52, 18, 112, 1, '2022-01-24 18:05:18'),
(1385, 5, 6, 13, 4, '2022-08-27 11:39:46'),
(1386, 47, 5, 38, 1, '2022-07-25 13:01:40'),
(1387, 57, 17, 1, 2, '2022-01-01 00:09:19'),
(1388, 63, 17, 18, 2, '2022-03-08 13:59:45'),
(1389, 21, 5, 1, 4, '2022-05-24 18:22:14'),
(1390, 17, 22, 136, 2, '2022-05-20 20:13:21'),
(1391, 27, 17, 64, 4, '2022-05-05 00:43:15'),
(1392, 24, 18, 13, 3, '2022-08-13 15:26:06'),
(1393, 17, 5, 159, 4, '2022-08-28 11:20:50'),
(1394, 38, 12, 37, 1, '2022-04-28 03:36:05'),
(1395, 42, 18, 86, 4, '2022-04-13 13:17:26'),
(1396, 42, 22, 13, 1, '2022-04-25 15:11:34'),
(1397, 45, 13, 39, 1, '2022-04-16 00:01:03'),
(1398, 48, 7, 83, 2, '2022-02-04 15:00:22'),
(1399, 24, 6, 42, 2, '2022-07-08 18:51:49'),
(1400, 26, 18, 39, 2, '2022-06-29 01:03:18'),
(1401, 47, 22, 3, 4, '2022-08-19 22:39:00'),
(1402, 35, 22, 34, 2, '2022-02-24 08:18:54'),
(1403, 21, 22, 53, 2, '2022-01-11 20:49:23'),
(1404, 5, 6, 3, 4, '2022-03-12 01:17:30'),
(1405, 52, 13, 113, 1, '2022-02-17 00:15:31'),
(1406, 42, 17, 19, 3, '2022-02-11 04:10:03'),
(1407, 39, 13, 114, 2, '2022-03-16 02:26:51'),
(1408, 48, 6, 86, 3, '2022-08-15 07:29:48'),
(1409, 52, 22, 112, 2, '2022-05-25 13:06:47'),
(1410, 42, 17, 189, 4, '2022-07-20 02:47:28'),
(1411, 63, 7, 72, 2, '2022-02-26 06:47:10'),
(1412, 13, 13, 86, 3, '2022-01-26 07:27:27'),
(1413, 11, 17, 157, 4, '2022-07-25 12:28:20'),
(1414, 51, 17, 136, 1, '2022-07-21 17:34:44'),
(1415, 38, 7, 115, 3, '2022-08-01 13:18:23'),
(1416, 17, 5, 4, 2, '2022-03-17 01:40:12'),
(1417, 38, 22, 3, 4, '2022-03-05 06:47:22'),
(1418, 28, 6, 53, 4, '2022-02-03 08:43:15'),
(1419, 28, 17, 85, 4, '2022-03-09 07:06:55'),
(1420, 35, 12, 157, 4, '2022-06-20 03:35:47'),
(1421, 11, 5, 39, 1, '2022-08-24 10:56:08'),
(1422, 21, 6, 87, 4, '2022-07-05 14:34:11'),
(1423, 3, 6, 42, 1, '2022-06-02 07:48:25'),
(1424, 42, 12, 85, 3, '2022-03-08 17:37:57'),
(1425, 36, 18, 42, 1, '2022-01-06 14:17:59'),
(1426, 42, 7, 72, 3, '2022-07-21 07:08:50'),
(1427, 11, 12, 23, 3, '2022-04-06 21:29:56'),
(1428, 5, 17, 71, 1, '2022-03-23 02:07:24'),
(1429, 48, 22, 135, 4, '2022-04-26 05:28:17'),
(1430, 15, 6, 191, 3, '2022-04-10 19:23:53'),
(1431, 15, 13, 18, 4, '2022-02-15 04:04:43'),
(1432, 26, 17, 116, 2, '2022-07-17 05:45:20'),
(1433, 36, 12, 115, 1, '2022-06-24 07:40:16'),
(1434, 53, 12, 34, 1, '2022-08-27 18:47:50'),
(1435, 12, 6, 105, 1, '2022-03-12 09:48:44'),
(1436, 42, 12, 72, 3, '2022-06-03 07:58:15'),
(1437, 21, 12, 42, 2, '2022-08-08 01:38:16'),
(1438, 11, 22, 84, 4, '2022-06-21 12:00:43'),
(1439, 48, 6, 23, 2, '2022-02-22 00:40:24'),
(1440, 17, 7, 136, 4, '2022-02-14 15:04:44'),
(1441, 28, 5, 43, 2, '2022-01-02 18:41:01'),
(1442, 27, 13, 115, 2, '2022-08-23 12:52:45'),
(1443, 27, 5, 84, 1, '2022-02-10 14:57:08'),
(1444, 24, 22, 86, 1, '2022-05-10 15:55:35'),
(1445, 48, 22, 23, 1, '2022-04-02 15:19:48'),
(1446, 42, 7, 40, 4, '2022-07-25 12:42:35'),
(1447, 24, 12, 84, 1, '2022-01-28 15:16:05'),
(1448, 11, 17, 85, 4, '2022-08-10 22:02:32'),
(1449, 52, 7, 189, 1, '2022-03-07 07:31:30'),
(1450, 51, 22, 158, 2, '2022-06-04 10:48:13'),
(1451, 17, 17, 72, 4, '2022-05-18 22:45:05'),
(1452, 27, 5, 112, 4, '2022-04-13 17:25:56'),
(1453, 12, 5, 136, 1, '2022-04-09 05:41:59'),
(1454, 12, 5, 159, 2, '2022-01-13 11:35:59'),
(1455, 26, 13, 114, 3, '2022-04-08 07:05:01'),
(1456, 63, 7, 3, 2, '2022-07-07 16:41:41'),
(1457, 11, 13, 16, 3, '2022-08-06 05:01:32'),
(1458, 24, 7, 71, 1, '2022-03-27 06:06:03'),
(1459, 48, 17, 87, 1, '0000-00-00 00:00:00'),
(1460, 28, 18, 64, 4, '2022-04-01 13:21:16'),
(1461, 53, 18, 158, 4, '2022-05-12 09:16:39'),
(1462, 57, 6, 114, 3, '2022-04-23 13:43:41'),
(1463, 27, 7, 84, 4, '2022-01-01 20:23:14'),
(1464, 5, 7, 39, 1, '2022-03-11 04:06:52'),
(1465, 27, 17, 71, 1, '2022-03-17 10:56:14'),
(1466, 35, 12, 36, 3, '2022-08-19 20:25:25'),
(1467, 45, 5, 43, 1, '2022-06-02 05:32:38'),
(1468, 4, 13, 3, 2, '2022-05-15 06:18:12'),
(1469, 24, 13, 37, 3, '2022-08-03 17:30:02'),
(1470, 39, 7, 3, 4, '2022-05-15 12:22:56'),
(1471, 24, 5, 105, 1, '2022-03-16 12:54:48'),
(1472, 17, 13, 34, 1, '2022-08-17 14:44:39'),
(1473, 21, 7, 85, 1, '2022-07-23 16:55:29'),
(1474, 28, 22, 72, 2, '2022-06-01 08:44:03'),
(1475, 4, 7, 116, 1, '2022-08-12 13:59:48'),
(1476, 38, 22, 19, 4, '2022-06-11 02:09:16'),
(1477, 5, 7, 64, 1, '2022-07-21 15:14:24'),
(1478, 35, 7, 114, 3, '2022-01-05 09:34:41'),
(1479, 15, 12, 37, 2, '2022-02-20 22:08:38'),
(1480, 24, 12, 38, 4, '2022-06-16 10:22:58'),
(1481, 35, 22, 136, 2, '2022-04-27 17:41:06'),
(1482, 53, 6, 38, 2, '2022-01-20 11:37:10'),
(1483, 38, 12, 116, 4, '2022-06-14 14:44:37'),
(1484, 45, 22, 38, 4, '2022-06-11 16:19:48'),
(1485, 26, 6, 113, 1, '2022-08-15 16:13:24'),
(1486, 4, 17, 40, 3, '2022-05-11 17:15:46'),
(1487, 12, 12, 112, 2, '2022-07-13 00:08:30'),
(1488, 53, 22, 83, 1, '2022-07-17 11:12:26'),
(1489, 11, 5, 3, 1, '2022-03-01 20:33:38'),
(1490, 21, 22, 71, 3, '2022-06-05 02:38:45'),
(1491, 63, 6, 189, 3, '2022-05-25 05:46:00'),
(1492, 13, 13, 114, 4, '2022-01-13 16:07:52'),
(1493, 45, 5, 116, 1, '2022-08-18 19:41:34'),
(1494, 38, 5, 136, 2, '2022-05-21 01:33:55'),
(1495, 47, 13, 40, 2, '2022-07-02 16:08:33'),
(1496, 28, 13, 53, 3, '2022-04-07 15:24:34'),
(1497, 42, 17, 18, 3, '2022-07-29 12:42:09'),
(1498, 38, 6, 159, 4, '2022-04-05 02:42:40'),
(1499, 48, 5, 115, 1, '2022-07-01 12:50:01'),
(1500, 39, 5, 189, 1, '2022-05-01 20:50:57');

-- --------------------------------------------------------

--
-- Table structure for table `product`
--

CREATE TABLE `product` (
  `Id` int(11) NOT NULL,
  `Price` int(11) NOT NULL,
  `Name` varchar(24) NOT NULL
) ENGINE=InnoDB DEFAULT CHARSET=utf8;

--
-- Dumping data for table `product`
--

INSERT INTO `product` (`Id`, `Price`, `Name`) VALUES
(1, 20, 'Ball Pen'),
(3, 500, 'A3 25 Sheets'),
(4, 250, 'A3 10 Sheets'),
(7, 50, 'Whatman'),
(13, 75, 'Drawing book 24'),
(16, 20, 'Eraser 2x3'),
(18, 40, 'Eraser 3x4'),
(19, 150, 'Drawing book 48'),
(23, 150, 'A4 10 Sheets'),
(34, 250, 'A4 20 Sheets'),
(36, 30, 'Pencil HB'),
(37, 35, 'Pencil 2H'),
(38, 35, 'Pencil H'),
(39, 35, 'Pencil F'),
(40, 35, 'Pencil B'),
(41, 35, 'Pencil 2B'),
(42, 35, 'Pencil 3B'),
(43, 35, 'Pencil 4B'),
(53, 100, 'Diary 48'),
(64, 140, 'Scissors small'),
(71, 200, 'Diary 96'),
(72, 500, 'A4 50 Sheets'),
(83, 50, 'Ruler 15cm'),
(84, 60, 'Eraser 5x4'),
(85, 70, 'Ruler 21cm'),
(86, 85, 'Ruler 25cm'),
(87, 100, 'Ruler 35cm'),
(105, 340, 'Scissors big'),
(112, 10, 'Notebook 12'),
(113, 15, 'Notebook 16'),
(114, 20, 'Notebook 24'),
(115, 40, 'Notebook 48'),
(116, 80, 'Notebook 96'),
(135, 200, 'Colour sheets 10'),
(136, 450, 'Colour sheets 25'),
(157, 125, 'Ink 300'),
(158, 275, 'Ink 500'),
(159, 450, 'Ink 750'),
(164, 50, 'Quill pen'),
(189, 10, 'Notepad 16'),
(190, 16, 'Notepad 24'),
(191, 35, 'Notepad 48');

-- --------------------------------------------------------

--
-- Table structure for table `storage`
--

CREATE TABLE `storage` (
  `Id` int(11) NOT NULL,
  `ProdId` int(11) NOT NULL,
  `Quantity` int(11) NOT NULL,
  `NextImport` date NOT NULL
) ENGINE=InnoDB DEFAULT CHARSET=utf8;

--
-- Dumping data for table `storage`
--

INSERT INTO `storage` (`Id`, `ProdId`, `Quantity`, `NextImport`) VALUES
(2, 1, 200, '2022-11-03'),
(4, 4, 250, '2022-11-07'),
(7, 3, 150, '2022-11-07'),
(8, 23, 150, '2022-11-07'),
(9, 34, 150, '2022-11-07'),
(11, 72, 230, '2022-11-07'),
(12, 18, 400, '2022-11-11'),
(14, 16, 255, '2022-11-04'),
(16, 84, 160, '2022-11-25'),
(17, 64, 140, '2022-12-16'),
(20, 105, 40, '2022-12-03'),
(21, 36, 300, '2022-11-13'),
(23, 37, 270, '2022-11-13'),
(24, 38, 235, '2022-11-13'),
(25, 39, 300, '2022-11-13'),
(26, 40, 175, '2022-11-13'),
(27, 41, 270, '2022-11-13'),
(29, 42, 300, '2022-11-13'),
(31, 43, 140, '2022-11-13'),
(32, 83, 260, '2022-11-13'),
(35, 85, 170, '2022-12-05'),
(37, 86, 185, '2022-11-28'),
(38, 87, 80, '2022-11-17'),
(40, 164, 50, '2022-11-19'),
(41, 157, 25, '2022-11-05'),
(42, 158, 27, '2022-11-05'),
(43, 159, 45, '2022-11-05'),
(45, 135, 85, '2022-12-13'),
(46, 136, 45, '2022-12-13'),
(48, 112, 100, '2022-11-24'),
(49, 113, 115, '2022-11-30'),
(51, 114, 120, '2022-11-21'),
(52, 115, 80, '2022-11-11'),
(54, 116, 80, '2022-11-13'),
(57, 189, 110, '2022-11-04'),
(58, 190, 160, '2022-11-06'),
(59, 191, 135, '2022-11-05'),
(61, 7, 70, '2022-11-08'),
(62, 53, 100, '2022-11-12'),
(64, 71, 80, '2022-11-17'),
(66, 13, 75, '2022-12-05'),
(67, 19, 150, '2022-12-07');

--
-- Indexes for dumped tables
--

--
-- Indexes for table `client`
--
ALTER TABLE `client`
  ADD PRIMARY KEY (`Id`);

--
-- Indexes for table `employees`
--
ALTER TABLE `employees`
  ADD PRIMARY KEY (`Id`);

--
-- Indexes for table `log`
--
ALTER TABLE `log`
  ADD PRIMARY KEY (`Id`),
  ADD KEY `ClientId` (`ClientId`),
  ADD KEY `ProductId` (`ProductId`),
  ADD KEY `SellerId` (`SellerId`);

--
-- Indexes for table `product`
--
ALTER TABLE `product`
  ADD PRIMARY KEY (`Id`);

--
-- Indexes for table `storage`
--
ALTER TABLE `storage`
  ADD PRIMARY KEY (`Id`),
  ADD KEY `ProdId` (`ProdId`);

--
-- Constraints for dumped tables
--

--
-- Constraints for table `log`
--
ALTER TABLE `log`
  ADD CONSTRAINT `log_ibfk_1` FOREIGN KEY (`ClientId`) REFERENCES `client` (`Id`),
  ADD CONSTRAINT `log_ibfk_2` FOREIGN KEY (`ProductId`) REFERENCES `product` (`Id`),
  ADD CONSTRAINT `log_ibfk_3` FOREIGN KEY (`SellerId`) REFERENCES `employees` (`Id`);

--
-- Constraints for table `storage`
--
ALTER TABLE `storage`
  ADD CONSTRAINT `storage_ibfk_1` FOREIGN KEY (`ProdId`) REFERENCES `product` (`Id`);
COMMIT;

/*!40101 SET CHARACTER_SET_CLIENT=@OLD_CHARACTER_SET_CLIENT */;
/*!40101 SET CHARACTER_SET_RESULTS=@OLD_CHARACTER_SET_RESULTS */;
/*!40101 SET COLLATION_CONNECTION=@OLD_COLLATION_CONNECTION */;
